X,Y,Test or train,Raw prediction,Cumulative prediction,Logistic prediction
-43.03,-22.08,train,1.0946916990933826E-4,35.620103136517756,0.4665852344006355
-43.45,-22.76,train,1.1743218336393146E-4,39.20227127342851,0.48409523475645716
-43.57,-22.9,train,1.4873884913883388E-4,52.95900202468555,0.5430656632634218
-49.52,-20.82,train,1.5612170021785752E-4,56.56487160567381,0.5550593881680332
-45.46,-22.93,train,1.0367487205663698E-4,32.6775558310279,0.4530780338379246
-43.93,-19.9,train,1.2294231500994634E-4,41.6976286802247,0.4955535487258022
-40.37,-20.24,train,1.0428631190224987E-4,32.96087486583732,0.4545355711137132
-40.58,-19.94,train,9.121810510926868E-5,25.689608313067342,0.4215903766583082
-46.6,-20.72,train,9.968166635938425E-5,30.64640221068268,0.4433641625433758
-60.02,-3.12,train,8.098712248122765E-5,18.723849250045333,0.3928825922969531
-45.25,-22.84,train,1.0035943877359365E-4,31.032586159124033,0.44503715158324253
-47.8,-24.89,train,9.343198695412035E-5,27.156791810715696,0.42744876874399945
-34.97,-8.1,train,1.5254059306541077E-4,54.682341126851426,0.5493213895009008
-48.86,-26.32,train,6.439189544684562E-5,9.61068131399456,0.3397263886066446
-52.7,-3.42,train,8.870219751784067E-5,23.78423311294367,0.4147855134971045
-48.54,-27.6,train,5.463537305714155E-5,5.655327929471731,0.30389463181144133
-49.1,-26.92,train,4.4051658807605084E-5,2.688489859396755,0.26035225210723606
-48.53,-25.52,train,9.647764239597769E-5,28.93389256946134,0.43531694376424196
-45.43,-23.62,train,1.0237781700787872E-4,32.01330901092942,0.4499602068086922
-38.5,-12.97,train,2.1070737866809994E-4,96.59050070762821,0.627374277240609
-43.49,-22.75,train,1.1925886491855182E-4,39.90886063269129,0.4879510656802271
-51.85,-21.31,train,1.4872634833676632E-4,52.9533835729618,0.5430448068597691
-51.49,-20.88,train,1.726231557808197E-4,66.26176566768974,0.5797164233091953
-48.95,-20.48,train,1.4303823992267592E-4,50.01724197815445,0.5333530149799024
-51.33,-20.38,train,1.7909309015139033E-4,70.13836399701539,0.5886540790507772
-50.99,-20.21,train,1.9451481311546386E-4,78.75517971919562,0.6084989011637874
-48.05,-20.2,train,1.565301546370228E-4,56.838730981012844,0.5557045840872924
-48.69,-20.18,train,1.44412083126409E-4,50.74258138376791,0.5357313287215336
-49.9,-20.06,train,1.9839584872927257E-4,80.76024377979935,0.6131951025268532
-49.4,-20.03,train,1.7303704865610217E-4,66.48942310880857,0.580299792764944
-50.37,-19.99,train,2.1083617507852272E-4,98.15647000998933,0.6275171196083769
-55.06,-22.2,train,1.3184361095620458E-4,45.32715441622267,0.5130257817611883
-38.55,-3.76,train,1.9669608072206472E-4,79.9639912245426,0.6111522579353466
-46.51,-23.49,train,1.4366819575068883E-4,50.30648430442388,0.5344465739871304
-56.29,-15.54,train,1.829431009362119E-4,72.33881452175595,0.5937943876578172
-34.88,-8.08,train,2.1083657563250913E-4,98.1657596226492,0.6275175636741567
-51.94,-23.42,train,1.1602108805051763E-4,38.67120352229587,0.48107665097861557
-49.98,-23.16,train,1.0841052310050871E-4,35.183844164846356,0.464167440048101
-60.14,-3.23,train,7.224156308216667E-5,13.748615301189314,0.3659836715841926
-59.97,-3.02,train,7.833151715811292E-5,17.079803531246014,0.3849591424029428
-76.52,3.45,train,8.154146897748403E-5,19.01733441939208,0.3945108924357554
-73.75,18.2,train,1.2327596546811662E-4,41.86206545926558,0.496231053441702
-72.4,18.23,train,1.690139784801347E-4,63.668944651817256,0.5745598254053552
-74.45,18.49,train,1.1455271707004726E-4,37.95150257538144,0.4778978111053667
-74.12,18.65,train,1.669249283747552E-4,62.251799029247074,0.5715168726288065
-72.09,18.65,train,2.08897235856209E-4,93.15737510595369,0.6253550757542702
-72.51,18.77,train,2.036166753400316E-4,84.19409529235391,0.6193376050372355
-72.47,19.05,train,2.1083657563250913E-4,98.1657596226492,0.6275175636741567
-99.56,24.86,train,1.509073736614919E-4,53.92217750802255,0.5466550565088641
-99.84,25.18,train,1.2923296209344906E-4,44.33784539347754,0.5080280969312357
-99.68,25.26,train,1.5804128787456068E-4,57.41416095295604,0.5580753949344012
-100.19,25.78,train,1.749775706351953E-4,67.59172027090537,0.5830134434120043
-100.18,26.5,train,2.0090300855847592E-4,82.25784295276598,0.6161694224972023
-100.33,25.82,train,1.9483272128036102E-4,78.89186589811732,0.6088878657751451
-92.27,14.9,train,1.6632675929501405E-4,61.729811715198174,0.5706375345223892
-86.89,21.15,train,1.1497128907491183E-4,38.13078713088885,0.4788079289404856
-99.18,18.62,train,1.6485665597831492E-4,60.882689872511385,0.5684609971939789
-97.39,20.95,train,1.1672779796916889E-4,38.95218481858046,0.482592831709492
-87.53,13.02,train,1.8620954193243063E-4,74.1615137792674,0.5980558687112437
-66.83,10.43,train,1.2121844593798911E-4,40.97158506156778,0.49202385682623034
-66.84,10.49,train,5.801881772633744E-5,6.886456726704934,0.31675300205024126
-45.45,-18.58,train,1.7817192859323193E-4,69.66553478401661,0.5874048523747974
-82.36,23.14,train,2.1083657563250913E-4,98.1657596226492,0.6275175636741567
-64.3,-9.15,train,9.91458764714136E-5,30.375823199719058,0.4420344824421699
-42.73,-22.78,train,1.2009321359140317E-4,40.39179234021906,0.4896931316312364
-44.28,-2.63,train,1.1100803756338832E-4,36.28693702327072,0.47006112593606525
-38.44,-12.9,train,1.448718671298372E-4,51.06396048784573,0.5365218737489418
-49.28,-16.64,train,1.8446068098133204E-4,73.20991112379197,0.5957854442669697
-61.62,10.68,train,7.86850880227055E-5,17.273788473667974,0.3860259953326587
-44.54,-2.37,train,8.152574055906453E-5,19.007902601942764,0.3944648132383531
-41.81,-2.83,train,2.093896246319292E-4,94.32430195948044,0.6259064954797093
-44.83,-2.25,train,9.733979578557659E-5,29.39542452904695,0.43750511852365537
-41.62,-3.16,train,2.0253100141354944E-4,83.26602002221505,0.6180763874274995
-45.37,-2.59,train,9.8590976701705E-5,30.009361399268197,0.4406506638395426
-40.26,-3.19,train,2.114353175951235E-4,98.42975095041903,0.6281801648200086
-67.97,0.36,train,5.234986474369547E-5,4.9673981245637755,0.29493142787689663
-46.92,-2.39,train,9.464563886771516E-5,27.916265495959884,0.43061026204775493
-41.35,-2.99,train,2.0353740300614958E-4,84.14580219434275,0.6192457970515298
-44.6,-1.98,train,8.221067036767752E-5,19.43474752347878,0.3964649609666146
-50.21,-2.48,train,8.101831252036861E-5,18.74229037561687,0.3929744402995024
-45.41,-2.12,train,9.359047251557805E-5,27.264105486443913,0.42786360600946655
-40.46,-3.28,train,2.0964284997578735E-4,94.76565989136927,0.6261894476482612
-56.19,-2.65,train,8.190728727705738E-5,19.23670367376772,0.39558064726485503
-39.06,-3.59,train,2.0058520318922923E-4,82.0802268330415,0.6157949343996547
-40.81,-2.97,train,2.0622821911786952E-4,87.16848439757729,0.6223375632800381
-44.92,-3.55,train,1.3296624687903345E-4,45.646008237209095,0.5151438111416745
-44.38,-2.93,train,1.235281147913397E-4,42.01076046251021,0.4967418572696197
-43.81,-2.97,train,1.8044509126420463E-4,70.8139690999204,0.5904739471504384
-50.01,-1.57,train,6.12960610433121E-5,8.178333405523299,0.3287628235681711
-42.58,-3.21,train,2.0228259288496478E-4,83.07770490063484,0.6177866377169956
-49.51,-2.28,train,9.558197154237771E-5,28.454591058277703,0.43302559718632183
-59.6,-2.51,train,5.610478469600444E-5,6.144218232377621,0.3095379225027823
-60.02,-1.22,train,8.602844856983607E-5,22.018870525335036,0.4073760108910753
-42.44,-3.29,train,1.9647718723787958E-4,79.84473533195832,0.610887614208866
-40.77,-3.89,train,2.0827899615267212E-4,91.68752514494226,0.6246604110196634
-44.32,-3.15,train,1.6111147744565384E-4,58.98502587324991,0.5628151144967817
-47.53,-3.8,train,1.1919004941740713E-4,39.87426605052064,0.4878068522721392
-58.58,-2.54,train,7.447828945327508E-5,14.843797908438885,0.3730875307292561
-44.45,-3.75,train,1.6042062618418207E-4,58.60187434192311,0.5617574733328413
-60.9,-3.28,train,6.44495531589546E-5,9.635618953274726,0.33992718103310887
-44.98,-3.06,train,1.341231837836065E-4,46.12258555294177,0.5173073635735733
-40.5,-2.88,train,2.0903527377805816E-4,93.46197985660315,0.6255098265263933
-39.17,-3.42,train,2.096767851787833E-4,94.85446595969034,0.6262273340778419
-53.26,-3.17,train,8.018279454263511E-5,18.25593033357912,0.390504380323689
-45.48,-3.71,train,1.2390545400106347E-4,42.24246459704812,0.49750433856642007
-40.93,-4.25,train,2.096614773181324E-4,94.81434094049906,0.62621024480573
-57.11,-3.13,train,7.84572214161306E-5,17.14737636388228,0.38533886272804163
-61.02,-1.8,train,6.992259605631308E-5,12.493350483894519,0.35844661194669314
-49.29,-3.76,train,1.5518197848105988E-4,56.074596648814634,0.5535678619065827
-41.81,-3.59,train,2.007593346554502E-4,82.17754634157829,0.6160002138417346
-49.86,-3.8,train,8.004981064648534E-5,18.16783053372312,0.39010938156835806
-48.42,-4.48,train,1.5334115217383447E-4,55.068967221917006,0.5506169305817156
-38.82,-4.0,train,1.70458429394548E-4,64.71454553665947,0.5766386918226206
-42.06,-3.96,train,2.027881886826845E-4,83.48017245783643,0.618375914365021
-50.55,-3.7,train,8.117839843079957E-5,18.82720873291429,0.39344542207861805
-42.18,-4.64,train,2.0547148613335009E-4,85.92838667723083,0.6214731582821582
-60.23,-3.75,train,7.424926423311759E-5,14.73066867057599,0.3723674688896746
-40.3,-2.89,train,2.0873907645193527E-4,92.80383876222847,0.6251776100112193
-43.02,-4.1,train,1.9317603184877176E-4,77.97628643135346,0.6068523606655841
-43.85,-3.74,train,1.8900965407298308E-4,75.63568129266739,0.6016384222802417
-38.38,-3.95,train,2.1011855421012088E-4,95.65584391223456,0.6267198404409275
-41.38,-3.65,train,2.037729440026006E-4,84.31376761686437,0.6195184554896465
-44.32,-4.69,train,1.8228675270472552E-4,71.90819462558274,0.5929271732499355
-42.71,-3.95,train,1.8567725989890988E-4,73.86560868043685,0.5973675486818428
-46.51,-3.96,train,1.094478719843526E-4,35.60990957480043,0.46653680814188103
-44.82,-3.98,train,1.5358599977739228E-4,55.18616312405347,0.5510116802192405
-45.49,-4.09,train,1.2102306060194171E-4,40.87977232923714,0.4916206783933092
-39.57,-4.61,train,2.0936153297974834E-4,94.27162415432431,0.6258750796727186
-41.29,-3.97,train,2.0637986301247382E-4,87.55531646805777,0.6225103092597324
-48.99,-4.02,train,1.7689583769288697E-4,68.66421473438336,0.5856617016586001
-39.85,-5.05,train,2.113217596489423E-4,98.38586073341939,0.6280546764961092
-41.95,-4.62,train,2.029848400719435E-4,83.74736377541086,0.618604622889998
-49.25,-4.59,train,1.784570267997841E-4,69.82625764647271,0.5877922962841579
-39.04,-4.44,train,2.113291766172297E-4,98.38872739628677,0.6280628752752384
-51.58,-4.31,train,6.845676479493163E-5,11.716977549214848,0.35358926105294736
-45.02,-4.57,train,1.383649196367425E-4,48.250266302643546,0.5250771924316628
-40.04,-4.94,train,2.1360986329455796E-4,99.02445844339928,0.6305669371060062
-38.69,-4.5,train,2.0764601420428044E-4,90.15087870902805,0.6239465076071466
-48.4,-4.96,train,1.954322231538689E-4,79.31322299903421,0.609619264746444
-42.67,-5.34,train,2.0808594701827283E-4,91.11884645676489,0.6244429696065517
-38.04,-4.71,train,2.0704950090115302E-4,88.85891315831125,0.6232712450596835
-38.47,-4.97,train,2.0635289716548985E-4,87.50141952152214,0.622479602519457
-35.38,-5.45,train,1.83493733315157E-4,72.62417071379731,0.5945190775831029
-44.48,-4.81,train,1.7365529501944333E-4,66.76220482377218,0.5811681822446739
-49.91,-5.08,train,1.0437284470896698E-4,33.003872079568886,0.4547412188938688
-43.35,-4.83,train,1.9132857223184925E-4,76.99981528234312,0.6045573310843771
-42.46,-5.02,train,2.0976718493003128E-4,95.05412900042323,0.6263282220063147
-44.4,-5.02,train,1.80264871315842E-4,70.75315025534289,0.5902322918864508
-45.96,-5.0,train,1.2376322386457929E-4,42.15512042190375,0.49721720862610896
-59.24,-5.33,train,7.177335660071026E-5,13.498996287062829,0.3644762185038128
-47.76,-5.68,train,1.752666804848706E-4,67.79216964586344,0.5834147376981689
-41.57,-5.0,train,2.1637636241784742E-4,99.27528532348194,0.6335595041736252
-35.73,-5.18,train,2.040875667232042E-4,84.63651237832006,0.6198820490562755
-38.02,-5.13,train,1.6335801159488624E-4,59.963190988579136,0.5662193723586754
-41.92,-4.85,train,1.9734716850393046E-4,80.26494080868028,0.6119373040278168
-42.41,-5.48,train,2.1221374722556725E-4,98.77672455027944,0.6290381017267352
-38.01,-5.3,train,8.193474857671753E-5,19.253174152443556,0.3956607992618391
-48.11,-5.64,train,2.107344072243937E-4,96.76504401811069,0.6274042624920704
-35.99,-5.15,train,2.0973937551301564E-4,95.01803110507113,0.6262971919419086
-43.86,-4.62,train,2.088538400531624E-4,93.04041596059751,0.6253063994058493
-41.2,-5.09,train,2.1529103609995066E-4,99.25969098155431,0.6323912866246041
-38.14,-4.84,train,2.0716055038722732E-4,89.01393387126085,0.6233971384912469
-49.21,-5.01,train,1.544067385709474E-4,55.661996620894264,0.5523298527947971
-35.95,-5.3,train,2.0651547488500707E-4,87.8188254824113,0.6226646584745219
-42.26,-5.8,train,2.1212820975509194E-4,98.74962553722332,0.628944021300856
-43.39,-5.39,train,1.8786902725341864E-4,74.99817167432691,0.6001868045004011
-48.68,-5.44,train,2.1083657563250913E-4,98.1657596226492,0.6275175636741567
-41.53,-5.78,train,1.8113885768581927E-4,71.07464287179242,0.5914015576399477
-46.48,-5.38,train,1.722323407121272E-4,66.0079686277815,0.5791640907524032
-36.88,-5.27,train,1.6520629652956345E-4,61.107611937400975,0.5689806493708529
-41.9,-5.55,train,2.1353491162116284E-4,99.01368835055358,0.6304851804560798
-40.34,-5.5,train,1.3168477260329113E-4,45.2860494505853,0.5127246129796855
-35.28,-5.68,train,1.8645280096094108E-4,74.30203879350675,0.5983696559734248
-38.17,-5.52,train,1.459207388276259E-4,51.68766773885641,0.5383152494129174
-48.35,-5.91,train,2.0529336910228197E-4,85.73406820345116,0.6212691221999481
-50.07,-5.53,train,1.1557245245052743E-4,38.495176760838575,0.4801095252476508
-40.72,-5.87,train,1.744304535967948E-4,67.30749615305898,0.5822519065978565
-43.48,-5.6,train,1.8280054658638924E-4,72.2701744646677,0.5936063488710274
-38.56,-5.58,train,9.977548445979062E-5,30.69272880554436,0.44359634099417034
-37.95,-6.47,train,1.233998394821574E-4,41.93511521678336,0.49648212679776954
-35.86,-5.82,train,2.0561128200226068E-4,86.11425154754396,0.6216331429040572
-47.6,-6.02,train,1.8291108074696872E-4,72.32339676971708,0.5937521660269014
-41.07,-5.88,train,1.8251118735921362E-4,72.0114639796121,0.5932241287311549
-38.16,-5.78,train,2.1111777034576266E-4,98.3070187405581,0.6278290432410492
-35.21,-5.92,train,1.9764260765125949E-4,80.38431065932048,0.612292483854368
-35.87,-6.42,train,2.0648188398674074E-4,87.75275130476574,0.6226264381205582
-38.71,-5.98,train,8.212941768555036E-5,19.381278301826686,0.39622837606495587
-48.15,-6.48,train,2.058556188356144E-4,86.49371861674925,0.6219124413684846
-35.39,-6.22,train,2.0655117601592378E-4,87.88905447616204,0.6227052714049596
-48.79,-6.17,train,2.1083657563250913E-4,98.1657596226492,0.6275175636741567
-36.52,-6.09,train,1.7446308159561248E-4,67.32300894574018,0.5822973997705785
-38.49,-6.59,train,1.5222628022427222E-4,54.5818024809834,0.548810694036042
-47.85,-6.21,train,2.0019368545117023E-4,81.7448064577471,0.6153325809889141
-42.5,-6.35,train,2.141447452453767E-4,99.10131767830173,0.6311493331408499
-43.12,-6.21,train,2.075102198149232E-4,89.83196083286913,0.6237929990963197
-44.06,-6.98,train,2.0934723727585193E-4,94.24103121258007,0.6258590902968381
-43.94,-6.41,train,2.077546155362038E-4,90.35347475989064,0.6240691856492322
-37.62,-6.07,train,1.1568056652025993E-4,38.54077447884455,0.480342916761169
-36.25,-6.98,train,2.0734936333187412E-4,89.41575350473379,0.6236109969535414
-44.25,-6.08,train,1.9845758428203888E-4,80.80142076608898,0.6132688947411172
-34.98,-6.66,train,1.9014325432573813E-4,76.32895154787651,0.6030706915633618
-49.21,-6.12,train,2.093565396734328E-4,94.26208215590158,0.6258694949437787
-43.63,-6.57,train,1.8942052131532957E-4,75.90601245445667,0.602158733178704
-35.61,-6.7,train,1.775658287215567E-4,69.19514511606543,0.5865787473964451
-48.53,-6.99,train,2.0596519965639202E-4,86.70102623494722,0.622037567985593
-42.79,-6.4,train,2.1187015044648496E-4,98.62166786128778,0.6286598992462226
-42.73,-6.68,train,2.1287503838967583E-4,98.89687228816089,0.6297638316004254
-49.02,-6.55,train,1.9606133745508084E-4,79.60251028199734,0.6103838554490003
-42.48,-6.65,train,2.0487594763730598E-4,85.2784276705632,0.6207900959678291
-38.57,-6.6,train,1.9544046336416498E-4,79.31666462320821,0.6096292988371002
-48.46,-6.6,train,2.1083657563250913E-4,98.1657596226492,0.6275175636741567
-41.71,-6.97,train,1.7404779785843208E-4,67.03149835453605,0.5817176296946692
-37.58,-6.76,train,1.6877712719614012E-4,63.53126808241231,0.5742169970818273
-48.38,-7.04,train,1.9496245442804716E-4,78.94756641432802,0.6090463739348363
-36.45,-6.92,train,1.858947730235659E-4,73.99502184203631,0.5976491102278658
-35.92,-7.27,train,2.0731188700897233E-4,89.3269464398457,0.6235685688216719
-43.71,-6.84,train,2.0839163606972583E-4,91.93703134775247,0.6247871670157508
-41.31,-6.92,train,1.7316877359482166E-4,66.5493306540035,0.5804851154978015
-38.95,-7.01,train,1.7325231886966807E-4,66.58583217473648,0.580602569863576
-48.94,-7.04,train,1.898633660146046E-4,76.18315749980333,0.6027180196054417
-38.99,-6.76,train,2.0206811980481542E-4,82.9400644772236,0.6175361172472641
-35.16,-7.46,train,1.894585105978429E-4,75.93115733772265,0.6022067731166093
-36.9,-6.92,train,1.8866632948686936E-4,75.42380298872438,0.601202600631672
-47.81,-6.77,train,2.080342797267952E-4,90.93994143513193,0.6243847312699183
-34.85,-7.03,train,2.0608761835385226E-4,86.9301452882747,0.6221772558313633
-37.96,-7.06,train,1.2274437233756393E-4,41.624218845352715,0.4951507479017347
-43.51,-7.11,train,1.9581193481126873E-4,79.47181419662516,0.6100811038730833
-34.83,-7.45,train,1.9137745242785E-4,77.02570511127149,0.6046183981506555
-45.29,-7.2,train,2.0517704435568868E-4,85.57838865825033,0.6211357514517997
-35.77,-7.12,train,1.9975091614646306E-4,81.43010453908157,0.6148083606174303
-42.58,-7.52,train,1.9152774023107168E-4,77.1052030971678,0.6048060378059369
-41.54,-7.24,train,1.4958171551947535E-4,53.31486597248318,0.5444675276398405
-42.02,-7.46,train,1.7749797718101583E-4,69.1507704249624,0.586486060829258
-39.03,-7.34,train,2.0290239177474164E-4,83.6256896154958,0.6185087676609715
-48.15,-7.85,train,2.0725659133196292E-4,89.20626160047138,0.6235059493629701
-43.85,-7.75,train,1.8429555515497124E-4,73.10915107519243,0.5955697469613043
-37.09,-7.21,train,2.0519835802914108E-4,85.6069131389546,0.6211601954177095
-43.15,-7.48,train,2.1085331795933055E-4,98.18425854338864,0.6275361237568151
-49.52,-7.55,train,1.981304460811322E-4,80.61183034943191,0.6128775469750987
-35.49,-7.6,train,1.895684867034865E-4,76.00394987697324,0.6023457797258276
-41.68,-7.62,train,1.5582355667136133E-4,56.39795796418804,0.5545872553025318
-44.56,-7.79,train,1.7402268065098173E-4,67.01155291003738,0.5816825123988384
-47.84,-7.16,train,1.9611658950243916E-4,79.63610703465373,0.6104508626843068
-47.48,-8.02,train,1.9237914721042875E-4,77.56387841904453,0.6058656961815061
-49.53,-8.21,train,1.9365072945122253E-4,78.25144618209627,0.6074377642289347
-38.93,-7.59,train,2.1125133929760534E-4,98.35864322372228,0.6279768152358072
-35.99,-7.89,train,2.084328228274236E-4,92.04550177729821,0.6248334939413326
-48.95,-7.55,train,2.042196655477753E-4,84.75298445822473,0.6200345019347382
-43.93,-7.31,train,1.8271712910933723E-4,72.1975593495939,0.59349623483775
-47.58,-7.71,train,2.031449399266457E-4,83.87535780809978,0.6187906190913024
-34.85,-7.91,train,1.7063672739074464E-4,64.84057873050374,0.5768938920484755
-46.69,-7.75,train,2.0471938056877988E-4,85.16667872368858,0.6206101094484177
-35.1,-8.46,train,1.306110290844855E-4,44.922038682431086,0.510678907540452
-48.42,-8.77,train,1.7566860633540333E-4,68.0583320769221,0.5839713428488444
-50.14,-7.73,train,1.7727047281647232E-4,68.99957928989771,0.5861749817806015
-37.32,-8.2,train,1.2056666291696843E-4,40.65629060623204,0.4906764017633486
-43.16,-7.79,train,2.0682210811062498E-4,88.38261721813852,0.6230131939415876
-38.07,-7.84,train,2.0939717420490688E-4,94.33845900983012,0.6259149375128864
-46.82,-8.21,train,2.0879833916673845E-4,92.92168425142401,0.625244126550989
-35.64,-8.95,train,1.4194108039086747E-4,49.468797657640806,0.5314361073039523
-35.54,-8.89,train,1.374297219552929E-4,47.81159006906538,0.5233857094190372
-41.09,-8.12,train,1.66365386494725E-4,61.74678068947095,0.5706944274077228
-43.67,-8.15,train,2.1034602492961806E-4,95.95488646864435,0.6269729303849115
-38.73,-8.16,train,2.081368838865457E-4,91.2874883570211,0.6245003669491724
-49.1,-8.13,train,1.9793363004464115E-4,80.5018959554635,0.6126417187292879
-44.09,-8.19,train,1.985343277853906E-4,80.85260790289641,0.6133605866430265
-37.11,-9.7,train,7.601333236249845E-5,15.70727249495383,0.3778714265007162
-48.52,-8.07,train,1.9279163554976862E-4,77.7386305013014,0.6063770370097333
-47.86,-9.0,train,1.9021001705020192E-4,76.35941847920478,0.6031547231506602
-47.13,-8.7,train,1.8877896616615708E-4,75.48875364115398,0.6013456884802947
-47.8,-8.8,train,1.7874592996638454E-4,69.94413322589209,0.5881841694955928
-44.43,-8.53,train,1.6651279176027568E-4,61.86201482453223,0.570911397880139
-39.73,-11.05,train,2.0582032877180398E-4,86.43958614692315,0.6218721272048234
-48.55,-9.09,train,1.832880093402943E-4,72.50488916962902,0.5942486260395178
-39.5,-9.92,train,2.1076127689184613E-4,96.89326054871647,0.6274340666906134
-43.99,-8.8,train,2.1035254784669793E-4,95.96230235406198,0.626980182893368
-44.43,-9.52,train,2.0992588677880628E-4,95.26013125951567,0.6265052047695178
-48.02,-9.2,train,1.8973517527147833E-4,76.10545827901716,0.6025562841262607
-47.47,-9.08,train,2.0437545165054852E-4,84.89871331080428,0.6202141348036586
-44.55,-9.26,train,1.8231280796286798E-4,71.92017380430521,0.5929616699008485
-36.38,-9.96,train,1.781098148738007E-4,69.6149070625375,0.5873203441761551
-35.82,-9.64,train,1.752679649684842E-4,67.79318030694081,0.5834165188816033
-42.98,-8.92,train,1.938080028288618E-4,78.3562911714449,0.6076313316151106
-36.47,-9.31,train,1.7438974101758936E-4,67.28813959355128,0.5821951272073352
-44.11,-9.06,train,2.0806614580431466E-4,91.05202815238802,0.6244206522090431
-35.29,-9.09,train,1.545032954009369E-4,55.743687565968024,0.5524844221602233
-49.08,-9.33,train,2.0531576406740046E-4,85.76220569039903,0.621294788101235
-36.02,-9.12,train,1.5620696180273662E-4,56.63023666427481,0.5551942223489753
-36.86,-10.11,train,2.027504514209485E-4,83.4487387552818,0.6183319939890196
-38.73,-11.83,train,1.8788931694730732E-4,75.00902182860435,0.6002127185762005
-38.06,-9.4,train,2.0611588521567644E-4,86.98231270360843,0.6222094955219204
-47.5,-9.64,train,2.071766312630976E-4,89.04590864920539,0.623415361918097
-46.91,-9.5,train,2.1009598457739207E-4,95.61172940310523,0.6266947101407727
-37.46,-9.66,train,1.3255398734681131E-4,45.51126049818126,0.5143681626844282
-46.77,-11.8,train,2.0994068831320457E-4,95.28611803630037,0.626521702750391
-41.57,-12.53,train,1.4230040718127572E-4,49.61604146672029,0.5320656388349296
-38.18,-11.73,train,1.5874461007749386E-4,57.76094582473608,0.5591702271326655
-63.42,-9.7,train,1.1792207445580861E-4,39.40661341061888,0.48513500307805857
-39.45,-11.4,train,2.037216593533217E-4,84.2580520726724,0.6194591224724246
-47.4,-10.16,train,2.0746972332526224E-4,89.72775510133275,0.6237471956527079
-46.41,-10.7,train,2.063905623091781E-4,87.57602215052039,0.622522491454519
-48.02,-9.98,train,1.963704564544193E-4,79.78658707370772,0.6107584452724262
-46.58,-12.07,train,2.0698323109018908E-4,88.76640310981097,0.6231960768769983
-44.56,-10.31,train,2.0450212550321837E-4,85.01717830592797,0.6203600739459391
-62.72,-11.62,train,1.3204661035343248E-4,45.37968759284158,0.5134101415120916
-52.53,-10.04,train,1.1531454223716198E-4,38.30287329362705,0.47955191345464215
-46.65,-10.04,train,2.094269857276271E-4,94.39436193697561,0.6259482694326327
-48.63,-11.07,train,1.952739454649127E-4,79.21531102786189,0.6094264301017032
-37.69,-11.86,train,1.4461075035241712E-4,50.8890635721064,0.5360732445126708
-41.32,-12.42,train,1.678678363339784E-4,62.90523172614397,0.572895703820828
-47.07,-11.55,train,1.9547811615180585E-4,79.33239076847721,0.6096751420125667
-38.95,-12.41,train,1.6436864294642458E-4,60.56680860043598,0.5677335908333048
-38.44,-12.1,train,1.288296478022515E-4,44.15816122877059,0.5072468515687312
-39.12,-10.81,train,2.087886004339302E-4,92.90231852145797,0.6252331974070681
-43.16,-11.97,train,2.0755243245906783E-4,89.93814984973248,0.6238407317225219
-40.63,-11.42,train,1.6177321918275868E-4,59.30142800931432,0.5638234153771003
-41.51,-11.72,train,2.0748230554569282E-4,89.76174043170502,0.6237614279329002
-48.87,-11.66,train,2.0738960222733223E-4,89.51110699523865,0.6236565420347633
-39.0,-12.62,train,1.5985666409943383E-4,58.315931599917114,0.5608902886447918
-48.02,-10.74,train,2.0230423748860427E-4,83.09411337980079,0.6178119019893418
-39.09,-11.94,train,2.096055270086145E-4,94.70390367577754,0.6261477701321674
-48.56,-11.93,train,2.066691286052668E-4,88.10099575989044,0.622839389902278
-39.69,-13.3,train,1.2033550089824415E-4,40.53647917235089,0.49019679315137915
-39.33,-12.3,train,1.8041964392038535E-4,70.80577705408973,0.5904398423252851
-46.43,-12.63,train,2.06449615100145E-4,87.69030333853564,0.6225897146839522
-41.9,-11.56,train,1.457846093432923E-4,51.593122341638164,0.5380832774233826
-56.77,-12.14,train,1.7553202723272785E-4,68.00094055038916,0.5837823688261619
-41.91,-12.45,train,1.8007275237564356E-4,70.63232944891915,0.5899743671156643
-41.74,-11.98,train,2.068625950928481E-4,88.47397216628775,0.6230591654631545
-39.58,-13.81,train,7.710870418346884E-5,16.365372116596003,0.3812407101753308
-38.68,-13.03,train,9.712908568495388E-5,29.274981904593144,0.4369718964306073
-44.36,-13.19,train,2.0608917839239497E-4,86.93302439028116,0.6221790352724399
-41.36,-13.38,train,1.710609530816371E-4,65.15551223512612,0.5774998566485805
-39.62,-12.46,train,2.0686307867368817E-4,88.47506331954601,0.6230597144841602
-40.03,-13.05,train,1.952976154842609E-4,79.24447357167223,0.609455280138236
-50.07,-14.63,train,2.083539723621307E-4,91.85789504422434,0.6247447928058767
-42.05,-13.8,train,2.0972756196278302E-4,94.98756224786058,0.626284008688264
-44.44,-13.74,train,2.0594549000821813E-4,86.66267345528668,0.6220150683167223
-44.04,-13.5,train,2.0626457024757738E-4,87.22766558573028,0.6223789872757862
-46.55,-13.22,train,1.952408072208221E-4,79.17448319916966,0.6093860326244547
-43.49,-12.91,train,1.7411971237559176E-4,67.08860530058062,0.5818181434382594
-38.99,-13.52,train,7.172146318045506E-5,13.46905739437328,0.36430869933742016
-42.54,-13.32,train,1.854342402369122E-4,73.73179790990032,0.5970525035434602
-44.59,-15.04,train,2.101675644570492E-4,95.75163913458171,0.6267743995607992
-49.58,-14.31,train,2.098112557311978E-4,95.11133491623576,0.6263773861558873
-39.82,-14.24,train,8.45450349243176E-5,20.982703232590453,0.4031836725423597
-43.71,-13.48,train,2.0841861142791414E-4,91.99371005172706,0.6248175102309775
-47.52,-14.16,train,1.703771207025419E-4,64.66720163507651,0.5765222114078515
-45.31,-13.49,train,2.0822330987907694E-4,91.54405281942324,0.6245977144794248
-39.93,-13.53,train,1.8901769904327277E-4,75.6409395169365,0.6016486232707501
-44.42,-14.75,train,2.0790931255911278E-4,90.61792150138503,0.6242437960760242
-46.45,-13.45,train,1.9198223194112401E-4,77.35223711692313,0.6053724046884306
-44.23,-13.98,train,2.0504257850253064E-4,85.43251815684025,0.6209814641375533
-50.51,-14.03,train,2.006033728564674E-4,82.09038159211102,0.6158163644432693
-47.79,-15.27,train,1.6268951615917108E-4,59.67605776307128,0.5652119296654934
-45.23,-14.54,train,2.0813473055577233E-4,91.28092840853078,0.6244979408602239
-46.43,-14.22,train,2.0304049883562088E-4,83.79374519181141,0.6186693051040936
-43.84,-14.0,train,2.0356340498262011E-4,84.16164272705677,0.6192759157049106
-49.26,-14.91,train,2.095196940085598E-4,94.5618806358698,0.6260518875445792
-40.27,-14.37,train,1.2533707895538953E-4,42.83214723595956,0.5003763008980752
-40.13,-13.95,train,1.4167432933652975E-4,49.35163741560098,0.5309676695649658
-46.18,-14.56,train,1.9671562557549663E-4,79.9746395037736,0.6111758702923452
-42.18,-14.03,train,2.0955033136447964E-4,94.6125745463669,0.626086117658898
-48.41,-14.48,train,2.0294181061194033E-4,83.683862483387,0.6185546024125803
-55.84,-14.39,train,1.7820758974417813E-4,69.69460151571874,0.5874533551584249
-43.18,-14.57,train,1.837903705269273E-4,72.79841671295213,0.5949084125525552
-39.15,-14.77,train,7.40475598945397E-5,14.616194742078696,0.3717319334047927
-43.76,-14.84,train,2.0746979746805234E-4,89.72795570772146,0.6237472795218986
-41.75,-15.7,train,1.6507692285736372E-4,61.00646468515249,0.5687885140867541
-49.66,-14.2,train,2.0817833785572826E-4,91.41377453001374,0.6245470657009864
-44.26,-15.32,train,2.0866538911546941E-4,92.62863561183738,0.6250948703192738
-43.01,-15.22,train,2.0963452544269583E-4,94.75188575444388,0.6261801526796074
-44.11,-14.67,train,2.0606457197918005E-4,86.88761245223014,0.6221509662806121
-53.75,-14.83,train,1.642192814018883E-4,60.46492298747689,0.5675104700554754
-46.86,-14.59,train,2.069728250622669E-4,88.74106396578026,0.6231842708558084
-49.97,-14.14,train,2.0685705155805065E-4,88.46146371774016,0.6230528716399746
-39.66,-14.71,train,9.674294063739926E-5,29.059515822894337,0.4359920909389488
-56.25,-14.86,train,1.8163537035493973E-4,71.50887038997703,0.5920628514078075
-58.13,-15.28,train,1.6874560065664499E-4,63.51294238145053,0.5741713225965286
-49.48,-15.08,train,2.0800828522451982E-4,90.84589770766851,0.6243554239571334
-47.79,-14.89,train,1.707677355985466E-4,64.94966232581368,0.577081209790598
-44.97,-14.97,train,2.0993682100099514E-4,95.27769083310699,0.6265173923350527
-42.71,-14.73,train,2.0624852745675126E-4,87.20154723865248,0.6223607068047352
-52.66,-15.92,train,1.8340019202607778E-4,72.5699342087312,0.5943961498202754
-50.96,-14.72,train,2.0868332168325347E-4,92.67445481074577,0.6251150092333765
-49.44,-15.48,train,2.0599724913582072E-4,86.76336594928195,0.6220741485454108
-42.46,-15.21,train,1.7874250781008607E-4,69.94273694955046,0.5881795319847427
-54.25,-15.13,train,1.5486444799200688E-4,55.920406034143745,0.5530616146624641
-43.26,-14.98,train,2.0744890897598776E-4,89.67143821016286,0.6237236493003006
-48.35,-15.01,train,1.767073714563062E-4,68.51217085589585,0.5854030061325457
-50.41,-15.45,train,2.094032693137087E-4,94.34988863140596,0.6259217528668516
-42.94,-15.02,train,2.092757718612821E-4,94.07930791721647,0.6257791375768015
-52.07,-16.19,train,1.877419163816848E-4,74.9301427586506,0.6000243815212513
-49.13,-15.3,train,1.9460277803164371E-4,78.79314049230425,0.6086066047350409
-47.05,-14.99,train,2.0884572783422918E-4,93.0185521367537,0.6252972986619019
-43.91,-15.91,train,2.091042841281023E-4,93.64687537072416,0.6255871443358919
-48.83,-15.22,train,1.8474145721021344E-4,73.39288017114184,0.5961516833557164
-51.54,-15.85,train,2.0845611692844166E-4,92.15975202890091,0.6248596901160753
-43.64,-15.56,train,2.0893920368642935E-4,93.26765876372747,0.6254021383412338
-39.21,-15.95,train,8.643254080568925E-5,22.355048465428734,0.4085078452016966
-52.64,-15.36,train,1.8455115905863356E-4,73.26571084880106,0.595903534640366
-49.25,-15.95,train,1.9114470385015464E-4,76.88811545310361,0.6043274513771422
-43.27,-15.72,train,2.0902027419585577E-4,93.43164018317484,0.6254930170710653
-46.6,-15.44,train,2.0405199544765954E-4,84.60517344645747,0.6198409759777976
-48.69,-16.17,train,1.5177710928741865E-4,54.39596750785255,0.548078869060857
-54.2,-15.81,train,1.609126784099285E-4,58.84474741152151,0.5625112916746479
-45.46,-15.46,train,1.9607321968216935E-4,79.6097354304504,0.610398267633218
-42.87,-15.87,train,1.9288075105742901E-4,77.78085125405082,0.6064873347358294
-49.61,-15.76,train,2.106768529713768E-4,96.46815644814787,0.627340406487346
-44.32,-15.93,train,2.0350385508050467E-4,84.12536463205711,0.6192069307204568
-46.01,-15.8,train,2.0372787755779855E-4,84.26184023360507,0.6194663175180295
-46.99,-15.75,train,1.9368434805966828E-4,78.27383777584767,0.607479157057707
-53.45,-15.92,train,1.6975694638696025E-4,64.14701059652494,0.5756316548080783
-49.84,-16.12,train,2.0267975717515503E-4,83.38985313951714,0.6182496895321836
-50.22,-15.84,train,2.1083657563250913E-4,98.1657596226492,0.6275175636741567
-55.11,-15.88,train,1.739385969306138E-4,66.95369342684718,0.5815649089194402
-44.6,-16.2,train,2.0898582337290937E-4,93.36195646109327,0.6254544036439929
-48.66,-15.95,train,1.6087836643114355E-4,58.8205358675105,0.562458810241141
-50.46,-16.17,train,2.0582469370242847E-4,86.44628164275994,0.6218771140184057
-52.2,-15.99,train,2.0473240310651752E-4,85.17563996391121,0.6206250864239768
-49.52,-16.31,train,2.0282371888713006E-4,83.50976776567992,0.6184172568275776
-47.82,-16.15,train,1.6944658065907794E-4,63.92845123557693,0.5751845687200161
-47.12,-16.07,train,1.7019624266136817E-4,64.56188113405052,0.5762628608744752
-42.97,-16.47,train,1.6206330757197098E-4,59.403880873314215,0.5642639604095477
-49.29,-16.11,train,1.789776980685837E-4,70.06080426935974,0.5884980055094664
-48.08,-16.12,train,1.5375905220535395E-4,55.270243334381995,0.5512902617803933
-44.87,-16.37,train,2.0989589003762694E-4,95.22119411734592,0.6264717655449539
-52.84,-16.3,train,2.026817556442779E-4,83.39151778822465,0.6182520167001259
-51.61,-16.34,train,2.0893465482495734E-4,93.25822565595303,0.6253970378342659
-45.43,-16.35,train,1.929450790963409E-4,77.82342754773082,0.6065669147547059
-54.85,-16.2,train,1.6922048066475787E-4,63.790252272990685,0.5748582750126344
-45.96,-16.27,train,2.084550536198332E-4,92.1545368340345,0.6248584944158461
-46.83,-16.39,train,1.8658489069542765E-4,74.40604688301407,0.5985398374052648
-43.45,-16.44,train,1.9677780305328793E-4,80.00851456698183,0.6112509685329309
-51.23,-16.2,train,2.1043802634551254E-4,96.06676879205129,0.6270751961477876
-49.87,-16.58,train,2.10393185375976E-4,96.00898630301242,0.6270253593991585
-49.67,-16.6,train,2.106647856009348E-4,96.44016964031822,0.6273270150561171
-48.55,-16.6,train,1.5782132503791398E-4,57.31906566699665,0.5577318707863571
-45.56,-16.73,train,1.8881646458595336E-4,75.51037667590828,0.6013933017665303
-51.44,-16.7,train,2.107144499255396E-4,96.63634739489294,0.6273821224998748
-39.29,-16.63,train,9.918435679481352E-5,30.39572291755651,0.44213019150520083
-44.41,-16.62,train,1.9841547851002334E-4,80.77333664406676,0.6132185689642701
-42.5,-16.88,train,1.7911234039112868E-4,70.1513028686875,0.5886801044372303
-50.7,-16.71,train,2.1021117576520035E-4,95.80157684662422,0.6268229350729332
-53.61,-16.38,train,1.8280459336475724E-4,72.27212299235941,0.5936116892450493
-44.32,-16.85,train,1.6884764322555557E-4,63.57225753728983,0.5743191226403258
-41.94,-16.9,train,1.8330594049885868E-4,72.51528589798171,0.5942722132854207
-54.61,-16.57,train,1.753077392153987E-4,67.82447559386661,0.5834716659832475
-42.8,-16.71,train,1.4156565307717973E-4,49.30390550735776,0.5307765560955249
-54.23,-16.79,train,1.7529780716050248E-4,67.81666082597401,0.583457896529894
-43.57,-16.85,train,2.0218528994191424E-4,83.00394086501548,0.6176730213443294
-49.61,-17.09,train,2.0815193293652275E-4,91.3333340737583,0.6245173213576201
-44.48,-17.2,train,1.9678103837646223E-4,80.00999020797092,0.6112548753769895
-52.48,-16.9,train,2.0922582411323648E-4,93.96323467108327,0.6257232376931098
-45.86,-16.94,train,2.0032707742762958E-4,81.87450547724393,0.6154902319493123
-46.87,-17.11,train,1.8027437339016266E-4,70.75901135430273,0.5902450402519226
-50.64,-17.05,train,2.04614348239829E-4,85.09440249382972,0.6204892704989012
-46.31,-16.74,train,2.0914179019038506E-4,93.76026492371665,0.6256291519850792
-41.59,-17.16,train,1.1545546755596797E-4,38.40795027786373,0.4798567475521651
-42.21,-17.19,train,1.3558117381633948E-4,46.7789637773433,0.5200065610695938
-52.26,-17.49,train,1.5963877049485442E-4,58.20622426872371,0.560554321463123
-39.83,-17.43,train,1.32208739755431E-4,45.42164423225338,0.5137166823482251
-43.6,-17.07,train,1.8204310900093898E-4,71.7961768725325,0.5926043105545683
-44.22,-17.06,train,2.0029592201849082E-4,81.84388081202147,0.6154534221101768
-42.13,-17.61,train,1.0013384480187166E-4,30.8994137065612,0.4444814212252987
-42.82,-17.26,train,1.0653459900652996E-4,34.10640434017922,0.4598288372735301
-54.64,-17.32,train,1.8118288203949112E-4,71.10965875768899,0.5914602792717842
-48.2,-17.02,train,1.6279650231847354E-4,59.7314761413406,0.5653734754301424
-51.04,-17.72,train,1.7036117086955972E-4,64.65791446903874,0.5764993546311525
-52.67,-17.56,train,1.7541238115924157E-4,67.90681026796048,0.5836166826109315
-41.67,-17.42,train,1.2178157146138847E-4,41.22226235375161,0.49318229920147927
-42.71,-17.51,train,1.0361530841305107E-4,32.65421664807946,0.45293563082271526
-43.24,-17.39,train,1.6447336678616784E-4,60.641910319713,0.56788989321756
-43.34,-16.91,train,1.7120059986366394E-4,65.24811999924874,0.5776989487764359
-48.69,-17.97,train,1.452548914434478E-4,51.26922459976637,0.5371783867788466
-40.26,-17.75,train,1.894368690493907E-4,75.91683292374262,0.6021794073821658
-44.13,-17.65,train,1.9055161400115982E-4,76.5197381672948,0.6035841215053163
-40.85,-17.67,train,1.8386184564734602E-4,72.84256977267799,0.5950021115645694
-40.52,-18.02,train,2.0805335956186846E-4,91.00888155332537,0.624406239781403
-50.57,-17.79,train,2.041544180835719E-4,84.69540962604046,0.6199592162961112
-48.69,-17.77,train,1.486533105736275E-4,52.920556947598996,0.5429229122038828
-47.12,-17.75,train,1.6049063931844663E-4,58.63139407217474,0.5618648911263715
-46.5,-17.75,train,1.8714495454569198E-4,74.66078699349553,0.5992598117619194
-49.67,-17.99,train,2.0918054152509435E-4,93.85393112789959,0.6256725444682343
-47.56,-18.11,train,1.4574656197536908E-4,51.566697474674044,0.5380184009679844
-41.84,-17.61,train,1.033405252271397E-4,32.5465466893421,0.4522777259248489
-41.36,-17.69,train,1.2742780341290334E-4,43.663993204724505,0.5045119827199896
-41.97,-18.0,train,1.4863195915783728E-4,52.9109606114437,0.5428872659757568
-44.22,-18.1,train,1.8338716518334692E-4,72.56238106905649,0.5943790246153656
-48.14,-18.12,train,1.5121516181004093E-4,54.07365263696997,0.5471599498370366
-43.36,-18.09,train,1.0127809148777682E-4,31.42524685483304,0.4472887333508426
-52.71,-17.34,train,2.03939891151137E-4,84.50637786689903,0.6197114744428285
-41.3,-18.03,train,1.4800357320269553E-4,52.64879130757835,0.5418356790251345
-43.65,-17.91,train,1.2261716939193876E-4,41.57704383694657,0.49489155825778897
-40.06,-18.15,train,1.8468637142508965E-4,73.35606834766041,0.5960798828609346
-42.75,-18.15,train,9.505246580778482E-5,28.14427366991502,0.4316622239120587
-46.88,-17.86,train,1.657239740105164E-4,61.45142895327508,0.5697477517379591
-45.05,-18.3,train,1.7753665132546305E-4,69.17606319208072,0.5865388955798733
-44.01,-18.39,train,1.7782829028821704E-4,69.38944484867659,0.586936884291945
-49.02,-18.14,train,1.6990203398311226E-4,64.25854840230794,0.575840332857586
-43.87,-18.51,train,1.267377937548127E-4,43.499529355364174,0.5031546582432661
-44.59,-18.31,train,1.7565175491495127E-4,68.05125098819735,0.5839480361121028
-53.71,-18.23,train,1.7588892681021795E-4,68.1509123335527,0.5842758219731368
-49.47,-18.38,train,2.0374625963158713E-4,84.28298132660436,0.6194875857100132
-39.85,-18.45,train,1.3093055165173064E-4,45.023596358382584,0.5112894576506224
-40.31,-18.47,train,2.0024166122770048E-4,81.7905443738685,0.6153892966391035
-46.38,-18.16,train,1.6034171976305213E-4,58.56860492338692,0.5616363478464317
-45.59,-18.18,train,1.8498151669008657E-4,73.54018999503049,0.5964642864316084
-54.69,-18.19,train,1.7689112362328626E-4,68.66041169019596,0.5856552348939229
-49.13,-18.48,train,1.7295346925056375E-4,66.44393628418952,0.5801821206593267
-41.24,-18.55,train,1.703854605360653E-4,64.67205769963502,0.5765341617552779
-40.84,-18.66,train,1.6585794691055699E-4,61.523861883210834,0.5699458302670756
-47.49,-18.37,train,1.4412296207126087E-4,50.59141575561534,0.535232836175502
-44.63,-18.6,train,1.750738677691778E-4,67.65675272528537,0.5831471929463221
-47.12,-18.34,train,1.7002931406625438E-4,64.41385168715485,0.5760232296187997
-49.9,-18.5,train,2.0918315860472088E-4,93.86024825966501,0.6256754746262008
-48.78,-18.57,train,1.5151987509536767E-4,54.2607454320321,0.5476586925933733
-53.17,-18.61,train,1.7828137172184782E-4,69.75458849748644,0.5875536699390485
-46.19,-18.88,train,1.3659925370936604E-4,47.4082730754547,0.5218735171156156
-51.08,-18.73,train,1.9637704111404776E-4,79.79017447816737,0.6107664167158143
-46.3,-18.76,train,1.5868715110134706E-4,57.73070306098827,0.559080986680726
-41.07,-18.87,train,1.544872738015647E-4,55.730132651267006,0.5524587819726755
-43.09,-18.91,train,1.0286514584462655E-4,32.258370092356934,0.4511357951271571
-40.51,-18.95,train,1.816165815874343E-4,71.4926454341552,0.592037866052148
-49.53,-18.99,train,1.9598133079073638E-4,79.55386115058302,0.6102867860428133
-40.06,-18.8,train,1.7129303680075124E-4,65.33606645613361,0.5778306314273478
-48.89,-18.81,train,1.6991961084634422E-4,64.2799951560328,0.5758655995488743
-39.97,-18.97,train,1.4160562230041053E-4,49.321460466529295,0.5308468623835128
-45.26,-18.9,train,1.7744069502345348E-4,69.11330807661656,0.5864077798923482
-45.84,-18.84,train,1.3352305772328077E-4,45.84758226089964,0.5161875019149028
-49.86,-19.06,train,2.098368183195399E-4,95.14451632519459,0.6264058971345905
-42.01,-19.0,train,1.4666301629388592E-4,51.980625116998176,0.5395760425982286
-47.55,-18.91,train,1.2578894860388687E-4,42.968753266398345,0.5012759861776531
-44.34,-19.28,train,1.5707341684262745E-4,57.0737375957736,0.5565598289825116
-47.46,-19.05,train,1.250876473567682E-4,42.75669137463766,0.4998782836934797
-45.37,-19.1,train,1.6187137177316324E-4,59.336093353981376,0.5639725752662442
-41.9,-19.29,train,1.0287175628462175E-4,32.26277676253969,0.45115170701563717
-43.24,-19.29,train,9.752892938454428E-5,29.50352835356306,0.43798287979260925
-47.15,-19.43,train,1.263069242870953E-4,43.26929962200797,0.5023033127815283
-41.1,-19.37,train,1.5335010001141076E-4,55.07325008963426,0.5506313687361793
-44.7,-19.37,train,1.4293271075359722E-4,49.94927261889728,0.5331693211773079
-53.88,-19.32,train,1.7353140080410433E-4,66.70776504328894,0.5809944483297605
-54.98,-19.44,train,1.8777067805840538E-4,74.94553582183744,0.6000611449027405
-50.67,-19.42,train,2.104670572456907E-4,96.10417827914917,0.6271074543089133
-45.2,-19.39,train,1.4318558752010791E-4,50.0804016295156,0.5336092600830897
-48.35,-19.62,train,1.5016142688508812E-4,53.51894161344193,0.5454267276737086
-45.59,-19.26,train,1.599707370938697E-4,58.37927413021322,0.561065971454204
-40.63,-19.47,train,1.536965690374001E-4,55.23908691822947,0.5511897156251504
-48.91,-19.28,train,1.6408751445976102E-4,60.37977156916887,0.5673134413052546
-45.78,-19.38,train,1.0671091712537026E-4,34.19957863224396,0.4602396117788794
-43.72,-19.42,train,1.1610495178107374E-4,38.70332562085572,0.48125703735747954
-41.39,-19.41,train,1.2612054028893576E-4,43.145066280912616,0.5019341360812648
-46.59,-19.61,train,1.1535612851281862E-4,38.333880925674,0.4796419054521158
-49.77,-19.48,train,2.1041496747344738E-4,96.03705491574297,0.62704956992634
-43.31,-19.8,train,1.1254050905889526E-4,37.033204615337716,0.47347784262308257
-43.85,-19.73,train,1.0937395858213646E-4,35.57453331970822,0.4663686789609418
-42.05,-19.76,train,1.2035996757565688E-4,40.5491602681438,0.4902475986797089
-52.0,-19.66,train,1.9267598842460194E-4,77.68963620497235,0.606233809043663
-40.13,-19.78,train,1.4444227309567669E-4,50.75843502924962,0.5357833195722623
-45.3,-19.71,train,1.598801864073678E-4,58.32899308313942,0.5609265266518993
-40.88,-19.72,train,1.0344664383131382E-4,32.588127784250794,0.45253198988778465
-47.63,-19.86,train,1.5714531377687026E-4,57.09563451544743,0.5566727679848698
-48.65,-19.71,train,1.6942145944490636E-4,63.913096411054006,0.5751483400524022
-41.59,-19.75,train,1.1749550010712074E-4,39.2240602966851,0.4842298575002047
-46.4,-19.76,train,1.0884071130359335E-4,35.36533418097,0.46515256574155356
-44.88,-19.79,train,1.2166897541312644E-4,41.17257170788563,0.4929510933047532
-48.35,-19.94,train,1.6866822114285508E-4,63.43342408168024,0.5740591764639986
-42.9,-19.88,train,9.110193987146011E-5,25.585191921805972,0.4212796671313913
-47.22,-19.86,train,1.2569985036824785E-4,42.94181771910009,0.5010988456125456
-49.02,-20.11,train,1.651354927994984E-4,61.052246696670274,0.5688755186303115
-53.0,-20.01,train,1.8160767424060906E-4,71.48413483628065,0.5920260199679374
-45.03,-20.25,train,1.0891216437910878E-4,35.39090833533905,0.4653158417192683
-54.73,-19.98,train,1.8375221498537317E-4,72.77484649865598,0.5948583754856424
-42.26,-20.18,train,9.126402649972089E-5,25.730885255835933,0.42171311154270097
-51.34,-20.07,train,1.843428469206871E-4,73.13800858777485,0.5956315458357199
-43.33,-20.34,train,1.2242843282741673E-4,41.50704821715873,0.4945064965048481
-45.53,-20.24,train,1.245240574266154E-4,42.507252116444796,0.49874935108298085
-50.66,-20.2,train,1.9436973601019838E-4,78.68006688808356,0.6083211403084582
-44.71,-20.2,train,1.0393933751637658E-4,32.78846705434052,0.45370941580480084
-47.82,-20.16,train,1.5311926953987882E-4,54.9531102831289,0.5502586056607809
-47.43,-20.16,train,1.397825034316125E-4,48.75867518986195,0.5276183926195541
-41.94,-20.23,train,9.247110063603662E-5,26.499107531821576,0.4249207037920778
-49.77,-20.43,train,1.7662954737355504E-4,68.47688979392245,0.5852960877390349
-41.55,-20.27,train,9.977670899869537E-5,30.69333347263405,0.44359937016879847
-45.89,-20.28,train,1.2508555290441074E-4,42.755764391002195,0.4998740976890897
-40.84,-20.32,train,1.0601043828400911E-4,33.829096051573046,0.4586039811989103
-46.79,-20.37,train,1.1680921713815652E-4,38.985124409074025,0.48276694002559745
-43.97,-20.63,train,1.0621995202740768E-4,33.940013690803646,0.45909423764776686
-52.18,-20.4,train,1.716407947815997E-4,65.60506472899603,0.5783253013450385
-43.3,-20.63,train,1.0747439163911027E-4,34.607093967603404,0.46201111924061067
-50.17,-20.65,train,1.6250291320361692E-4,59.579398220897794,0.564929877440239
-45.28,-20.75,train,1.0922166548827224E-4,35.50168354110928,0.4660219268782043
-50.91,-20.68,train,1.703175636801174E-4,64.63252315558468,0.5764368511114485
-42.35,-20.67,train,1.0836261795804082E-4,35.15487237602959,0.46405751325565847
-42.86,-20.63,train,1.1524804714294198E-4,38.25648522003564,0.4794079545006068
-43.6,-20.68,train,1.0605515314807262E-4,33.85276832757742,0.45870868734199205
-46.62,-20.73,train,1.1468967493032426E-4,38.00377704407679,0.4781959537170312
-40.54,-20.61,train,1.5415318601529082E-4,55.47378805162601,0.5519234539436956
-41.82,-20.63,train,1.1947085919319914E-4,40.0167186996274,0.4883948221139427
-41.0,-20.65,train,1.5980064372978238E-4,58.2848245707785,0.560803960668557
-44.48,-20.65,train,1.0561310357841397E-4,33.632416895491446,0.45767178378969703
-45.15,-20.65,train,9.975109497293635E-5,30.680685480519788,0.4435360011970865
-47.5,-20.65,train,1.3939247294446843E-4,48.61975105275291,0.5269219289205336
-49.19,-20.72,train,1.5856818560801826E-4,57.668653788773504,0.558896104581968
-48.06,-20.99,train,1.5951300581707758E-4,58.148495966061176,0.5603601725149912
-48.59,-20.74,train,1.5570631155061463E-4,56.34042487963469,0.5544013141786128
-50.21,-21.06,train,1.4853550809764806E-4,52.86761094296249,0.542726171442034
-44.05,-21.12,train,9.992773026943624E-5,30.77051575941087,0.4439727028238431
-51.6,-20.9,train,1.6365963354099408E-4,60.119839832584354,0.5666723988262582
-41.57,-21.07,train,1.7900423624798463E-4,70.0786416626778,0.5885339102053305
-52.49,-21.06,train,1.6064204368662795E-4,58.69523089585904,0.5620970036163637
-46.95,-21.2,train,1.1574007250707078E-4,38.56356689650311,0.48047128606956263
-45.06,-21.06,train,9.269262185711829E-5,26.630366467388686,0.4255054980218361
-43.72,-21.14,train,1.0940123661786261E-4,35.58758906766907,0.4664307400424815
-55.83,-21.12,train,1.4750010933158722E-4,52.43941153537694,0.5409896481948373
-50.35,-21.26,train,1.5177035922564014E-4,54.392419445835834,0.5480678532172006
-45.66,-21.06,train,9.614778313421221E-5,28.792156836719485,0.43447524014235345
-42.63,-21.14,train,1.5171374731516777E-4,54.36266230051899,0.5479754435923474
-51.11,-21.09,train,1.513354399491472E-4,54.14750295565934,0.5473569477029644
-49.39,-21.08,train,1.3778596067141833E-4,47.945490692126526,0.5240314536924991
-44.61,-21.21,train,9.931949416253208E-5,30.46560786781918,0.44246604801146194
-41.89,-21.22,train,1.6975976187946337E-4,64.14915696911943,0.5756357062565916
-43.35,-21.18,train,1.2575990076459784E-4,42.95997172944118,0.5012182485677492
-42.41,-21.09,train,1.4903082668421812E-4,53.089223676144954,0.543552259160328
-45.83,-21.11,train,1.0657278409312991E-4,34.12658302876087,0.4599178514402663
-51.57,-21.24,train,1.5793494654836498E-4,57.368187010366256,0.5579093843862972
-51.07,-21.58,train,1.3615018156455612E-4,47.112373841384354,0.521051801398964
-50.57,-21.51,train,1.360761900215068E-4,47.064153459404395,0.5209161399968811
-45.9,-21.68,train,1.0418766054659611E-4,32.911856076491674,0.4543009339310836
-43.31,-21.51,train,1.2165441482861545E-4,41.16614586204375,0.4929211790447156
-45.4,-21.57,train,1.0330259530296427E-4,32.53168437759862,0.45218678716805655
-49.74,-21.55,train,1.3979748565829382E-4,48.76394676758569,0.5276451049572447
-42.45,-21.52,train,1.3076700087144571E-4,44.97066016397583,0.5109771320174253
-54.16,-21.46,train,1.644503914465872E-4,60.625433770460134,0.567855611752497
-46.25,-21.52,train,1.0516125247933715E-4,33.42911375752558,0.4566077752929991
-44.9,-21.52,train,9.509013119428245E-5,28.16374718387511,0.4317594214643543
-44.46,-21.66,train,8.791573659253248E-5,23.2273426190562,0.4126253753256018
-49.31,-21.76,train,1.5077285532919487E-4,53.86564010398934,0.5464340399378401
-47.24,-21.6,train,1.294078858525884E-4,44.43006528825917,0.5083661656584662
-41.51,-21.54,train,1.913103446057938E-4,76.98874202059432,0.6045345540952582
-48.79,-21.54,train,1.4858112508442123E-4,52.88811337445313,0.5428023760157292
-51.38,-21.7,train,1.4862988266403803E-4,52.910027336914375,0.5428837989688657
-43.56,-21.58,train,1.1261389756683723E-4,37.08331919669495,0.473640360606091
-50.18,-21.61,train,1.402062254283695E-4,48.854905350212704,0.5283726977485004
-41.09,-21.76,train,2.0962579931115035E-4,94.73744711513342,0.6261704087997613
-48.01,-21.58,train,1.4222347070755767E-4,49.585351115320364,0.5319309904232059
-42.09,-21.73,train,1.2642181991375228E-4,43.330692669023264,0.5025306176498446
-45.98,-22.0,train,1.0116896398044812E-4,31.383918429153876,0.44702222282643195
-47.41,-21.97,train,1.2781165847922137E-4,43.75512064274893,0.5052638621443991
-49.74,-22.08,train,1.1220986406097953E-4,36.881788423236436,0.4727443868120722
-44.33,-22.01,train,1.11543858956333E-4,36.52893922154133,0.47126079503960444
-52.2,-21.88,train,1.7186924708998257E-4,65.73026029054262,0.5786496339440215
-43.48,-21.97,train,1.192164333670173E-4,39.88752965679528,0.48786215347485073
-45.29,-22.01,train,9.449839065588933E-5,27.82083974375489,0.43022855121887427
-47.05,-22.06,train,1.0892931033515872E-4,35.39704513664064,0.4653550067669826
-57.14,-21.9,train,1.4833210322007551E-4,52.77619117014784,0.5423860679590469
-46.26,-22.02,train,1.1475938384402455E-4,38.03454392904717,0.4783475718426815
-48.52,-22.09,train,1.367458960427949E-4,47.50597672324841,0.5221412340553994
-47.91,-21.88,train,1.283688019516862E-4,43.97613384335849,0.5063511210382382
-44.83,-22.02,train,9.456834913461795E-5,27.866177071611155,0.4304099680401395
-41.41,-22.1,train,1.9088532555897899E-4,76.72978329579364,0.6040027112994525
-49.81,-21.98,train,1.2598571045227192E-4,43.05341584226551,0.5016667327589154
-54.54,-22.16,train,1.3467686597677493E-4,46.39643004645133,0.5183359708142259
-50.38,-22.08,train,1.3150892894561465E-4,45.23318198337226,0.5123907661642427
-51.35,-21.96,train,1.4590982438257295E-4,51.680087378525215,0.5382966592010796
-48.17,-22.04,train,1.2823231455280434E-4,43.92197733267219,0.5060852096873178
-44.48,-22.03,train,8.381753283646774E-5,20.533135136898288,0.40110589469745733
-52.07,-22.12,train,1.6638191608448684E-4,61.75586964844733,0.5707187687562482
-49.96,-22.43,train,1.0660823924341507E-4,34.14531909825615,0.4600004755253297
-50.91,-22.31,train,1.4878195484085857E-4,52.97837576602914,0.5431375664435371
-41.78,-22.16,train,1.435906943372416E-4,50.254048202517886,0.5343123135560077
-44.18,-22.49,train,1.063793159148897E-4,34.02434588680886,0.45946655067309083
-45.4,-22.44,train,8.869012193907489E-5,23.77398847733407,0.41475246613886685
-55.54,-22.2,train,1.3302715155697555E-4,45.665915036221556,0.515258190645107
-45.79,-22.44,train,9.259230531150943E-5,26.570997654800166,0.4252408196252005
-42.39,-22.57,train,1.2298235843587053E-4,41.712479350115245,0.4956349564116581
-51.57,-22.43,train,1.2599950279995598E-4,43.062791175993524,0.5016940998248816
-48.54,-22.48,train,1.1981486339305895E-4,40.22155947634366,0.4891132735678846
-51.87,-22.47,train,1.3448186991045377E-4,46.302854141000886,0.517974215876938
-46.54,-22.43,train,1.0923188798325122E-4,35.50653583080126,0.4660452163127464
-50.75,-22.66,train,1.3029606910044475E-4,44.823855406148716,0.5100755808539691
-52.08,-22.58,train,1.351218430275058E-4,46.59075580496601,0.5191594583647784
-48.17,-22.45,train,1.249602099342334E-4,42.700288847831565,0.49962345767626654
-41.94,-22.47,train,1.529930166997615E-4,54.87967694886573,0.5500544609643544
-53.06,-22.74,train,1.2334874747136243E-4,41.90498574186024,0.49637860157022023
-46.79,-22.89,train,1.0922159028059162E-4,35.50165662312401,0.4660217555285175
-50.69,-22.87,train,1.2015770763551101E-4,40.43154671452603,0.4898272976009457
-42.52,-22.87,train,1.466043708947706E-4,51.96035295564966,0.539476681217448
-52.0,-22.98,train,1.237571848629633E-4,42.151411843483714,0.4972050100082966
-54.42,-22.82,train,1.3661282128932017E-4,47.41731277103411,0.5218982993015062
-49.27,-22.88,train,9.836027430366953E-5,29.86188142118175,0.440073312023203
-42.83,-22.91,train,1.2095123108104173E-4,40.846019209841174,0.491472296948127
-52.74,-22.92,train,1.4240943081769182E-4,49.65953155082227,0.5322563111633029
-47.85,-23.02,train,1.294732356218484E-4,44.46451771984888,0.5084923455763172
-44.04,-22.94,train,7.921302341963058E-5,17.62782693701808,0.3876120987463021
-48.05,-22.96,train,1.2003060482135397E-4,40.35320005601879,0.48956282004865515
-45.24,-22.91,train,1.2451797638666506E-4,42.504698613048674,0.4987371422975002
-45.8,-22.94,train,1.1043978103442284E-4,36.04541589444818,0.46878287413477515
-53.08,-22.97,train,1.494700491307279E-4,53.27670604178805,0.5442822974191033
-47.21,-22.87,train,1.2010187545661906E-4,40.397131546912526,0.4897111548785755
-50.54,-23.06,train,1.0025263908015124E-4,30.973704143157374,0.44477419885036945
-44.4,-22.95,train,7.806409270261673E-5,16.931027459669203,0.38414975892299696
-53.52,-23.06,train,9.950071001336858E-5,30.557047477499985,0.44291578901493595
-52.83,-23.33,train,1.2448934564011417E-4,42.49268240072939,0.4986796529125275
-50.7,-23.34,train,8.243507557873615E-5,19.576680814292974,0.39711740356149083
-53.12,-23.34,train,1.3146601427217074E-4,45.21763106401551,0.5123092213383025
-50.54,-23.41,train,1.023325544598608E-4,31.99000570050267,0.4498507638675468
-52.32,-23.33,train,1.1968254687867884E-4,40.14277027089484,0.48883716996767246
-53.6,-23.37,train,1.3750351275609323E-4,47.83932606112938,0.5235196118451729
-47.9,-23.36,train,1.474678577450608E-4,52.422955909013766,0.5409353454788208
-46.97,-23.38,train,1.4295732662491825E-4,49.966022363504685,0.5332121827643256
-46.06,-23.43,train,1.1760283921777558E-4,39.26424147037798,0.48445791924522397
-49.52,-23.4,train,9.599398906374261E-5,28.71178685371274,0.43408194471389006
-49.92,-23.44,train,1.0852708120548713E-4,35.253081146571006,0.464434714919571
-48.8,-23.46,train,1.239480364074024E-4,42.26549703344977,0.4975902388737251
-53.84,-23.52,train,1.1870053605250861E-4,39.67837812433318,0.48677865330735
-55.34,-23.73,train,1.4043984961544393E-4,48.90689472457611,0.5287875635327447
-54.54,-23.82,train,1.0462162780634115E-4,33.17535485616059,0.45533159647048704
-52.15,-23.83,train,9.162641440853671E-5,25.948907859036918,0.42267984755023263
-51.53,-23.78,train,7.307516347288192E-5,14.161770170538778,0.368649932926673
-47.19,-23.81,train,1.1018190414928052E-4,35.93657826630364,0.468200762437105
-52.86,-23.86,train,1.012810873390728E-4,31.426381434194955,0.44729604617741786
-46.41,-23.86,train,1.3603350257649851E-4,47.03633399762244,0.520837838809232
-49.66,-23.96,train,1.3436528919423337E-4,46.246210573902836,0.5177576767185379
-53.7,-23.82,train,1.2112002140841256E-4,40.92533478930278,0.4918208373747409
-50.43,-23.86,train,1.0115493618820927E-4,31.378605867883326,0.44698794559519894
-51.87,-23.83,train,9.236751260213703E-5,26.43634122677718,0.424646832845011
-48.87,-23.9,train,1.5452501192983676E-4,55.76205609137498,0.5525191715461147
-45.34,-23.84,train,7.893626255756558E-5,17.444772229493406,0.386781635222144
-48.01,-23.93,train,1.3680913227120955E-4,47.53559194778733,0.5222565885062034
-53.95,-23.91,train,1.0716715090235519E-4,34.43258444372907,0.46129962152353426
-46.02,-23.77,train,1.0322110135428443E-4,32.495658159707425,0.45199129946185584
-53.31,-23.96,train,1.1397922621880694E-4,37.727213840289366,0.4766456737870417
-52.97,-24.27,train,1.1613860116880025E-4,38.716214255094414,0.4813293801326938
-52.75,-24.26,train,1.05344643320404E-4,33.50442376225716,0.45704012277388223
-49.16,-24.33,train,8.932529032806837E-5,24.288028148447182,0.41648568782280193
-51.62,-24.28,train,8.289892954003883E-5,19.874416297145014,0.3984615653061434
-51.21,-24.31,train,6.661193638420236E-5,10.815587499925929,0.3473704782485166
-52.3,-24.35,train,8.022870010157065E-5,18.282265245504153,0.3906406136957084
-53.99,-24.45,train,9.851883180264738E-5,29.962610942556573,0.44047024325822004
-53.81,-24.29,train,1.0619173190842508E-4,33.925073816571135,0.4590282550874124
-50.75,-24.44,train,8.312352980307943E-5,20.037030648277174,0.3991102633090086
-47.14,-24.29,train,1.178155256795166E-4,39.3590949846943,0.4849092156554266
-53.09,-24.68,train,7.883722781354279E-5,17.37735563210761,0.38648391878052185
-48.23,-24.5,train,9.546797959517532E-5,28.382777344984895,0.43273264310669096
-51.79,-24.68,train,7.598093177094103E-5,15.68878613320183,0.377771205825335
-54.22,-24.71,train,8.597269572315307E-5,21.976262316422932,0.4072195109033264
-52.24,-24.7,train,8.053115560391435E-5,18.45577347836212,0.39153668697183586
-50.61,-25.01,train,1.8743258739275986E-4,74.76466370061445,0.5996285673350831
-49.87,-24.81,train,1.4540785042038457E-4,51.359165125788806,0.537440042821535
-53.03,-25.15,train,7.887149436787903E-5,17.400682137570715,0.38658696297334944
-49.32,-25.06,train,9.391081557223335E-5,27.436922917267786,0.42870027377717296
-49.61,-25.27,train,9.1007331765094E-5,25.50135768160829,0.42102637015392563
-49.31,-24.88,train,7.198914294448439E-5,13.614304893041107,0.3651718609357143
-48.34,-25.24,train,7.613140272766596E-5,15.774531398137261,0.37823636569168084
-52.03,-25.14,train,8.279507721012512E-5,19.801540102743925,0.39816114174950534
-53.79,-25.29,train,7.145132631336075E-5,13.313207218461665,0.36343523162088204
-50.07,-25.15,train,1.8175788286301693E-4,71.60334730648087,0.5922256938762004
-54.33,-25.14,train,9.782050916081211E-5,29.614660452812306,0.43871783744647724
-50.84,-25.17,train,1.162021851767974E-4,38.74056866621078,0.4814660242371314
-50.63,-25.22,train,1.956174887938599E-4,79.39060144961911,0.6098447379109198
-54.02,-25.48,train,7.22407842624164E-5,13.748200898442002,0.3659811700082698
-48.47,-25.65,train,8.541014420424572E-5,21.51102415171607,0.4056357741444445
-51.56,-25.39,train,7.355082344788685E-5,14.375898982089991,0.37016130124277535
-51.18,-25.64,train,8.20175783165894E-5,19.30768117429993,0.3959024278333356
-52.61,-25.7,train,9.375512825939201E-5,27.352933329049353,0.42829395756255684
-53.55,-25.67,train,7.480580583572215E-5,15.000209211737362,0.3741143855323315
-49.5,-25.7,train,1.4910117583521312E-4,53.120427267892175,0.5436693448180089
-50.12,-25.95,train,1.7253677598837966E-4,66.20567024715615,0.5795944690058946
-51.67,-25.8,train,8.067112158925494E-5,18.537013571409265,0.39195046744826034
-52.39,-26.16,train,9.004109472394512E-5,24.807808576268,0.41842668310161435
-53.37,-26.11,train,7.698571652878076E-5,16.296882610972876,0.380864228986464
-50.85,-26.17,train,8.79199192171849E-5,23.229679561023424,0.41263690573854533
-51.52,-26.15,train,4.180504323908057E-5,2.2933909811987805,0.2503991628451356
-52.83,-26.08,train,9.023528372177063E-5,24.92057335108522,0.41895102669229456
-53.42,-26.14,train,7.042215005756865E-5,12.785914715699903,0.36008535711968936
-49.3,-26.04,train,7.573538948817776E-5,15.548690435981923,0.3770106499092369
-49.45,-26.07,train,7.36461790308496E-5,14.416635161018446,0.370463415049587
-50.26,-26.17,train,1.5501900773645945E-4,55.992509529959555,0.5533081766840409
-53.43,-26.66,train,9.592075144315888E-5,28.666180086059654,0.43389446282877725
-52.68,-26.63,train,9.94420172497563E-5,30.52806548074881,0.44277020493981817
-48.98,-26.64,train,6.782850354618041E-5,11.378795499719079,0.3514847891314818
-49.98,-26.67,train,1.0783549831767097E-4,34.83221972544254,0.462844959017999
-48.8,-26.6,train,7.239977830376272E-5,13.828093362028497,0.3664914512660064
-50.67,-26.64,train,4.088148816430559E-5,2.113607557295859,0.24622944987867038
-51.41,-26.48,train,3.775426263615998E-5,1.6192573847146015,0.23175940924349725
-52.25,-26.58,train,8.445488817209218E-5,20.93988961110759,0.40292699235273666
-53.02,-26.59,train,8.898698739541516E-5,24.024489737672972,0.41556382032961975
-51.64,-26.82,train,6.77139115483723E-5,11.316312829100745,0.35109946454310853
-48.74,-26.97,train,5.6426294073781803E-5,6.25678117426829,0.310760503847351
-49.83,-26.94,train,1.295591964528672E-4,44.508973197560515,0.5086582235476647
-53.62,-26.92,train,9.869381173141857E-5,30.0886176505341,0.4409076335293542
-52.45,-27.06,train,6.514751114129854E-5,10.014986355751118,0.34234816157607406
-50.87,-27.03,train,6.830192732451848E-5,11.634266545948401,0.35307187490679337
-51.91,-27.03,train,7.973056987666875E-5,17.95871277080874,0.38915905564796055
-49.06,-27.42,train,2.3295025012439304E-5,0.5342278513151572,0.15692846907411293
-49.35,-27.4,train,5.9078898870855534E-5,7.286617779205295,0.3206845400097573
-54.66,-27.58,train,8.312918829084201E-5,20.041716123635396,0.39912658827507186
-52.25,-27.63,train,1.3586539115626812E-4,46.93752677544109,0.5205292245372656
-53.52,-27.49,train,7.62710118006259E-5,15.853765914247797,0.37866732601252867
-53.18,-27.46,train,1.0183606900858905E-4,31.723134312165172,0.4486474176791403
-54.53,-28.03,train,7.748060297078915E-5,16.580682605083737,0.382376360260123
-48.97,-28.12,train,9.333782904893445E-5,27.09050713977545,0.42720202466058843
-53.48,-28.16,train,1.0302724582680897E-4,32.36642964037906,0.4515257176096652
-50.35,-28.0,train,7.974865832147274E-5,17.97014426335742,0.38921298103862256
-48.66,-28.03,train,8.920592377458474E-5,24.19909391962606,0.4161607490104759
-53.89,-27.98,train,8.32040801064223E-5,20.103729822552364,0.39934257065986245
-49.5,-28.51,train,7.917208130411632E-5,17.601141152905367,0.3874893874251987
-48.94,-28.45,train,1.0240639932481378E-4,32.027680683878266,0.4500292952237919
-48.83,-28.47,train,1.0303729287616174E-4,32.37312723279949,0.45154986699509697
-53.92,-28.3,train,8.738034169770479E-5,22.926623679331687,0.41114568306523586
-52.81,-28.46,train,1.4989111707360125E-4,53.42059825231104,0.5449799717164898
-53.55,-28.36,train,1.0587428981786065E-4,33.75736081064973,0.45828492082615513
-51.57,-28.98,train,6.811457846013245E-5,11.534188622349863,0.3524447442048251
-49.74,-29.12,train,8.039012675691511E-5,18.374870119569763,0.3911191943840682
-49.83,-29.19,train,6.555050119915998E-5,10.261039546260985,0.343737927978528
-49.26,-28.78,train,1.1134284892970758E-4,36.434094858464256,0.47081138387158505
-53.23,-29.07,train,1.1424956132863171E-4,37.835793223012836,0.4772366602437824
-51.91,-28.85,train,6.74958589822009E-5,11.20642345906808,0.35036497960198154
-49.85,-28.82,train,5.17023389335858E-5,4.7616989397091585,0.2923498741877384
-53.52,-28.72,train,9.096774217722561E-5,25.472927995401005,0.42092031000556124
-54.16,-28.74,train,8.681195847602448E-5,22.605778568976817,0.40956663942347116
-50.8,-29.57,train,6.799496469074971E-5,11.469560448980998,0.3520437132929908
-51.93,-29.22,train,8.795800994214195E-5,23.25096264685897,0.4127418911726563
-51.34,-29.58,train,8.199776642208401E-5,19.294643739092574,0.39584465071798214
-52.92,-29.29,train,7.814012045554961E-5,16.974911583184745,0.3843800802039151
-51.25,-29.69,train,7.330486197549698E-5,14.270823534617831,0.3693806845629437
-50.86,-29.66,train,6.592986248420358E-5,10.493639940697358,0.34504085070421925
-50.19,-29.62,train,7.436303920515877E-5,14.788758477426937,0.3727253872908396
-54.24,-29.6,train,7.482691588867238E-5,15.014250949694619,0.3741804560252484
-52.78,-29.71,train,1.0694401556899763E-4,34.319960146199364,0.4607817114323696
-52.43,-29.65,train,1.1960222145817341E-4,40.09493968762551,0.4886694100589225
-54.8,-29.69,train,7.4159133197541E-5,14.679516306701592,0.3720836405625876
-51.44,-30.17,train,7.492647977348053E-5,15.080477689332794,0.37449188429795904
-53.82,-29.78,train,1.0328815813525849E-4,32.526027374802005,0.4521521654523123
-51.89,-30.29,train,7.001704845102465E-5,12.547721041636537,0.3587570982735768
-53.55,-30.21,train,1.1013423300523238E-4,35.91647042710332,0.46809301347080673
-54.14,-29.81,train,7.39172813649299E-5,14.542257338508538,0.3713207637228551
-50.87,-30.21,train,6.777197804223743E-5,11.347974286091942,0.35129477489604144
-54.37,-30.34,train,5.4534061876876754E-5,5.626516733141717,0.30350214390959934
-51.83,-30.93,train,7.172383192989436E-5,13.470423997979728,0.36431634791310014
-99.38027799999998,23.405277999999992,train,1.4302332278485038E-4,50.010847837762704,0.5333270576079328
-98.45166699999997,20.986110999999998,train,1.0221517678110115E-4,31.928138601987108,0.44956674654636986
-99.31083299999997,21.051943999999995,train,9.32165646038979E-5,27.004834190833343,0.4268839334463174
-99.04083299999998,21.701666999999993,train,1.0492619104722206E-4,33.332585067969326,0.45605260549584997
-95.16388899999998,17.448610999999996,train,1.0737652212554368E-4,34.54583715734655,0.4617846804026971
-98.21249999999999,21.016666999999995,train,1.3828175220675893E-4,48.20226165645587,0.5249272548312264
-96.66166699999997,18.599999999999998,train,8.849464457150962E-5,23.616180505466147,0.41421698154009307
-98.93805499999999,21.783610999999993,train,1.1009944137534471E-4,35.90179520767515,0.4680143479320353
-99.47444399999999,21.699166999999996,train,1.0504349045772801E-4,33.38075442642162,0.45632978582314637
-99.53888899999997,26.31055599999999,train,2.0646550244220012E-4,87.7210491220073,0.6226077960831525
-98.63249999999998,22.494443999999998,train,2.0436334391496158E-4,84.88738722726401,0.6202001797788513
-95.31861099999998,17.342499999999998,train,9.573745147280277E-5,28.552034936446397,0.43342468601459433
-98.08833299999998,20.406110999999996,train,1.0813098946176598E-4,35.01478946358408,0.4635253639481931
-95.03722199999997,16.993055999999996,train,8.994981892003725E-5,24.754805081790003,0.4181798956941284
-99.50805499999997,27.486388999999996,train,1.7204813502021292E-4,65.86086975164817,0.5789032521550741
-98.20777799999998,23.76749999999999,train,1.4643351648360918E-4,51.901293110505485,0.5391869623943097
-98.37527799999997,22.213888999999995,train,1.961639363340522E-4,79.66489691424772,0.6105082644892385
-99.36138899999997,22.519999999999992,train,1.2491503671249225E-4,42.680295632341995,0.499533066189759
-97.81444399999998,25.673610999999994,train,1.9110492627119296E-4,76.86395061988634,0.6042776846660095
-99.51138899999998,21.150832999999995,train,1.0187882267546265E-4,31.74977937084503,0.4487512480807596
-99.61583299999997,24.231388999999993,train,1.2045378532761242E-4,40.597786073746875,0.4904423192296925
-96.12388899999999,18.086110999999995,train,1.295426898358788E-4,44.50113401680899,0.5086263795387965
-97.84722199999997,16.624999999999996,train,9.712583942363897E-5,29.2731263303645,0.4369636735478471
-99.14611099999998,23.736110999999994,train,1.7614553467289578E-4,68.25874081295359,0.5846298882944054
-96.63138899999998,18.551388999999997,train,7.78537698575728E-5,16.809626611242212,0.3835117003697095
-100.18027799999999,23.672221999999994,train,1.234573053038362E-4,41.96900339237613,0.49659851611918665
-99.35583299999998,23.58527799999999,train,9.07881358261479E-5,25.34395084567795,0.42043865778681816
-101.51444399999997,27.877499999999994,train,2.009270186392348E-4,82.26953807334799,0.6161976852794595
-100.52305599999998,28.699999999999996,train,1.9454078692983558E-4,78.76652480901306,0.6085307094704117
-97.73916699999997,25.951110999999997,train,2.0156138310490373E-4,82.61730392550825,0.6169429045578881
-98.48333299999999,24.214443999999993,train,1.6025265510014698E-4,58.531052471957196,0.561499548462157
-69.93999999999998,4.219999999999999,train,1.5756619477461223E-4,57.223817969955704,0.5573327547828634
-99.38194399999998,20.736943999999994,train,1.641601235664423E-4,60.42669356884627,0.567422034603546
-100.65527799999998,22.244999999999994,train,1.4202729015978623E-4,49.506662015544826,0.5315872990543801
-95.78083299999999,17.162777999999996,train,9.434750930536573E-5,27.72065336095189,0.42983689097286376
-99.64388899999999,21.99666699999999,train,1.1641892918759032E-4,38.82722639284426,0.4819312736488639
-88.56999999999998,15.719999999999997,train,9.878617342116729E-5,30.15980196691401,0.44113823069581204
-99.20194399999998,24.015277999999995,train,1.929417719653075E-4,77.82123868289835,0.606562824297931
-101.68083299999998,21.118610999999994,train,1.8277316029928755E-4,72.24819087534361,0.5935702045773202
-97.03999999999998,20.059999999999995,train,1.0614317763137597E-4,33.89936893584362,0.45891469075560687
-96.53472199999999,18.070832999999997,train,8.176636792361932E-5,19.15219895236133,0.39516900764074464
-93.11666699999999,16.752777999999996,train,1.5866122562582658E-4,57.71718101486502,0.5590407095812603
-97.86861099999997,22.255277999999997,train,1.6463725864612424E-4,60.75940368530463,0.568134278290306
-99.40222199999997,25.904721999999992,train,1.7122150021194786E-4,65.26198021497206,0.57772872991882
-100.92999999999998,29.319999999999993,train,2.0880425088033296E-4,92.9334398515993,0.6252507605702264
-97.12083299999998,15.920832999999996,train,9.92970158946576E-5,30.45398345438773,0.4424102108789909
-42.77,-4.62,test,1.970541481683827E-4,80.13298602353161,0.6115843887436125
-42.02,-3.36,test,1.9910857714400262E-4,81.14720520015166,0.6140453130765848
-89.14,17.07,test,1.2780604052034763E-4,43.75378693572247,0.5052528743733246
-42.81,-18.86,test,9.267197025343541E-5,26.61814454346517,0.4254510300954426
-41.53,-18.89,test,1.6001084141076925E-4,58.40154328270437,0.5611277023636737
-49.0,-17.31,test,1.820393118688774E-4,71.79443110116652,0.592599274759341
-41.54,-4.72,test,2.1214000712573586E-4,98.75547521626763,0.6289569997569852
-54.91,-21.09,test,1.6141861326898605E-4,59.144800020717184,0.5632836787667738
-53.03,-27.03,test,1.0330440203536125E-4,32.53239232048817,0.4521911195779201
-52.1,-25.69,test,7.974610472912783E-5,17.96853045010926,0.38920536882951434
-42.4,-18.86,test,9.48654582186115E-5,28.04758821844251,0.43117914798467843
-51.45,-30.68,test,7.528035894369505E-5,15.303690996028147,0.37559628724932925
-45.61,-16.02,test,2.0018765273335673E-4,81.73952016106315,0.6153254480910729
-44.44,-19.86,test,1.2609633839963752E-4,43.128615072299176,0.5018861584513344
-98.92111099999997,20.639721999999995,test,1.116619002596073E-4,36.601073776593466,0.47152435208004795
-44.14,-16.26,test,1.841598259820796E-4,73.02632891249175,0.5953922768838973
-50.58,-20.64,test,1.8389061120759702E-4,72.86033941744905,0.5950398090221515
-50.51,-16.68,test,2.1045738968197229E-4,96.09172056691935,0.6270967126566375
-48.27,-18.61,test,1.4279051593951985E-4,49.8525168799177,0.5329215749290162
-51.23,-24.68,test,7.561290617975732E-5,15.480521949238858,0.3766305680288976
-49.31,-22.19,test,1.1775032262876159E-4,39.33001584887329,0.48477094622505623
-44.54,-3.99,test,1.7570830623749923E-4,68.0750142628485,0.5840262403720395
-43.92,-18.89,test,1.7243553565475804E-4,66.1399243252334,0.5794514439033943
-50.51,-24.25,test,1.496749784467897E-4,53.3467368593513,0.5446221151676545
-39.56,-12.72,test,1.846586785411044E-4,73.33756220211548,0.5960437774655694
-51.93,-27.43,test,1.3438843543498284E-4,46.25801623320392,0.5178006844476135
-41.19,-7.41,test,1.4577664128138246E-4,51.587588319511994,0.5380696921940116
-44.03,-5.66,test,1.8609860545137525E-4,74.10387859693424,0.5979126055043003
-46.61,-7.01,test,2.0924602838858357E-4,94.01199966119759,0.6257458516676063
-99.30722199999998,23.478610999999994,test,9.137495331899519E-5,25.80289307325034,0.4220093727814421
-46.32,-16.1,test,2.0307742919904137E-4,83.82260340795654,0.6187122105457104
-49.87,-18.2,test,2.0767510453412695E-4,90.21390820257466,0.6239793764238817
-48.74,-5.03,test,1.9827716070398664E-4,80.69382258117602,0.6130531561506508
-98.75416699999998,21.935277999999997,test,1.6850090491626055E-4,63.25788827756848,0.5738164829837428
-51.94,-26.17,test,9.248239507922252E-5,26.505951087390944,0.42495054881272837
-49.38,-26.97,test,5.501176948171085E-5,5.764039003500156,0.3053489562350477
-49.39,-11.38,test,2.079502008120896E-4,90.69462935224047,0.6242899205784009
-99.29277799999997,22.373610999999997,test,1.2370062082678272E-4,42.11667561102866,0.4970907234610528
-47.9,-20.7,test,1.4414277979866148E-4,50.601777364213966,0.5352670393877602
-59.98,-2.57,test,6.646245599341854E-5,10.751994912062642,0.34686134617221337
-46.48,-16.54,test,1.9522008751528906E-4,79.14895557659125,0.6093607698330805
-45.92,-20.74,test,9.969745951006813E-5,30.6542007366617,0.4434032605605807
-96.33555499999999,18.299999999999997,test,1.4581340156570743E-4,51.61311927410551,0.5381323603602974
-44.3,-2.51,test,1.3974068985078578E-4,48.743781698642,0.5275438257343074
-55.19,-2.81,test,7.060944878513041E-5,12.880792674795051,0.3606976191531035
-48.75,-17.24,test,1.501432245353595E-4,53.506824077052826,0.5453966711952575
-99.27083299999997,18.559443999999996,test,1.6017564171017084E-4,58.493053705563675,0.5613811904479395
-54.45,-29.55,test,7.753109241406262E-5,16.612287101723343,0.38253021622389766
-43.46,-3.77,test,2.1001436856367297E-4,95.44667358713541,0.6266038060258236
-42.56,-18.05,test,1.0473659432663301E-4,33.25461351716287,0.45560398739729513
-43.12,-7.0,test,2.1333808011293748E-4,98.9810007607825,0.6302703059234508
-46.22,-22.93,test,1.105368371976289E-4,36.08642253201593,0.4690016314104491
-61.31,-11.91,test,1.612692452740803E-4,59.07142744123501,0.5630559295160001
-53.38,-29.43,test,1.0810064700554826E-4,34.99630746370675,0.4634555761098757
-48.18,-24.78,test,9.705714702325486E-5,29.23430915799744,0.4367896171891629
-48.27,-15.37,test,1.8900925079613152E-4,75.63541770932878,0.6016379109130378
-38.24,-8.62,test,1.7145258450387854E-4,65.50171875621089,0.5780577247938123
-48.22,-23.38,test,1.183347024342539E-4,39.565518737789965,0.4860075382088132
-49.3,-25.68,test,8.681134355131502E-5,22.605435530720833,0.40956492649545284
-43.31,-13.28,test,1.7596974828129546E-4,68.18487410011078,0.5843874041598407
-40.42,-4.46,test,2.164020731874039E-4,99.27565474466438,0.6335870885671112
-50.06,-23.87,test,1.517947745847028E-4,54.40525298883992,0.5481076956114298
-50.06,-15.68,test,1.9921467391210434E-4,81.18924482747822,0.6141715559433926
-52.61,-22.51,test,1.462623648398218E-4,51.84213051991422,0.5388963738410437
-45.01,-2.98,test,9.318241006276656E-5,26.97756008613706,0.4267942782041292
-39.19,-14.52,test,6.402226672861647E-5,9.452052504332757,0.3384362526538904
-100.23472199999998,25.678888999999995,test,1.3335035376117824E-4,45.774231317860675,0.5158642652206171
-98.12,26.02,test,2.0636041677975561E-4,87.51768338516582,0.6224881658101658
-50.53,-18.45,test,2.103659223713919E-4,95.97750781220763,0.6269950524831251
-46.99,-19.63,test,1.2088477417125846E-4,40.814790712386426,0.49133493678356144
-38.94,-12.83,test,1.182548769201434E-4,39.54089262880636,0.4858389715175497
-54.95,-23.22,test,1.3157960220610477E-4,45.25879173608301,0.5125249973825864
-42.87,-7.65,test,2.1165183765962315E-4,98.51343609034312,0.6284191979521992
-46.75,-18.03,test,1.634607953297456E-4,60.00444246513748,0.566373856583563
-49.56,-17.54,test,2.1003886127517207E-4,95.50004529476645,0.6266310907166897
-43.09,-15.34,test,1.9642704976033173E-4,79.81741981062542,0.6108269469420354
-46.08,-15.07,test,2.090845928487027E-4,93.58734405143663,0.62556508587753
-39.09,-13.0,test,1.0318954235106135E-4,32.47462020783105,0.45191555823452495
-52.04,-29.55,test,7.347496059759274E-5,14.34349015454593,0.36992073880563253
-48.03,-21.11,test,1.4862016338194697E-4,52.905659031830986,0.5428675705217209
-47.84,-24.5,test,1.1549203660657768E-4,38.435216957740884,0.4799357913417554
-97.50416699999997,25.879721999999994,test,1.7474507760328396E-4,67.4570823110232,0.5826901739068265
-38.99,-5.78,test,1.8271811798020995E-4,72.19845292406733,0.5934975405319282
-48.85,-10.22,test,1.9850152565938683E-4,80.83072921821304,0.6133214005120817
-42.48,-22.04,test,1.3069053725059027E-4,44.94682396511753,0.5108309758625263
-41.87,-18.52,test,1.5394495520856203E-4,55.36625025707879,0.5515891454249716
-50.62,-25.67,test,1.4008022480042594E-4,48.826865899767895,0.5281486446329645
-36.12,-8.48,test,1.7764608390381947E-4,69.24763174929349,0.5866883239636567
-36.72,-7.56,test,1.8113526327725652E-4,71.07178396780856,0.591396762513291
-42.36,-19.73,test,9.012605598230954E-5,24.857145239389666,0.4186562094668953
-48.36,-19.0,test,1.5004389756962996E-4,53.47280817156623,0.5452325883233452
-51.11,-15.66,test,2.0833906025376442E-4,91.8265627827645,0.6247280130337823
-40.11,-19.34,test,1.5863383373671846E-4,57.70289412598498,0.5589981463069953
-42.6,-19.44,test,9.572780222066861E-5,28.546026122989584,0.43339993448424435
-50.56,-29.64,test,8.232749734895775E-5,19.51133815198476,0.3968048034360767
-52.62,-21.87,test,1.5637281451036248E-4,56.75738621196939,0.5554562708059717
-49.08,-11.16,test,2.0811907867083356E-4,91.23064772561582,0.6244803054396524
-43.04,-17.51,test,1.2232494772355568E-4,41.46152468643048,0.49429511611284194
-72.25,18.56,test,2.0286031662473386E-4,83.56359665900985,0.6184598320929918
-47.07,-23.43,test,1.1737727110866712E-4,39.183374464357804,0.4839784245442011
-38.74,-8.77,test,1.6445002147484739E-4,60.62516844869756,0.567855059673793
-46.42,-10.58,test,2.0739264056386108E-4,89.51919410201161,0.6236599805803131
-51.49,-26.94,test,8.902170717256492E-5,24.052179143653927,0.4156585650105645
-48.25,-16.07,test,1.7195907793483218E-4,65.78888109502272,0.5787770297230057
-47.0,-22.44,test,1.078501814770375E-4,34.84130642479722,0.4628788095569304
-44.16,-5.15,test,1.7241104046963524E-4,66.12401704331366,0.5794168242352195
-47.07,-22.8,test,1.2665308716696566E-4,43.45426744521572,0.5029875184586058
-53.79,-24.7,test,8.312554104550443E-5,20.038696044972752,0.3991160659263655
-38.21,-11.16,test,1.9602840023144038E-4,79.58248235889323,0.6103438996752192
-46.74,-18.8,test,1.454724066248836E-4,51.39712444734634,0.537550385768088
-46.5,-20.18,test,1.1174528217510832E-4,36.65202812229468,0.47171036498293506
-51.44,-15.53,test,2.0828394650617907E-4,91.70027943220065,0.6246659835526275
-41.08,-21.16,test,1.9321246888036268E-4,78.00036101664134,0.606897357168043
-43.8,-20.26,test,1.138653598602073E-4,37.674116620775926,0.47639634751070065
-52.94,-16.67,test,1.952283968252643E-4,79.1591930256031,0.6093709014681818
-100.62999999999998,28.949999999999992,test,1.547052517275055E-4,55.84613956047673,0.5528073714909912
-51.27,-23.28,test,1.0739422723650728E-4,34.55691883726248,0.46182565850374085
-52.54,-26.97,test,9.035227450277925E-5,24.988509429976688,0.41926646571320825
-47.82,-21.21,test,1.454759244923785E-4,51.39919296832698,0.537556397184427
-53.13,-29.71,test,1.0762918302612283E-4,34.70397834229864,0.4623688684089383
-49.89,-17.74,test,2.0861284766165894E-4,92.49847130265421,0.6250358519309147
-42.13,-16.09,test,1.821116249207694E-4,71.82767778664723,0.5926951556802748
-35.2,-7.73,test,1.7310025059581608E-4,66.5193924717007,0.5803887314831733
-55.13,-29.45,test,7.659148541486805E-5,16.041098141392016,0.3796543423696321
-52.07,-30.07,test,9.198090547000457E-5,26.19128008917604,0.42362239503160454
-35.94,-9.82,test,1.7275407810518685E-4,66.3354206755665,0.5799011296365628
-48.45,-22.88,test,1.2681205532844882E-4,43.51781421601657,0.5033010958777494
-42.81,-20.23,test,9.783894364943666E-5,29.62168653481859,0.43876423892338373
-41.21,-17.24,test,1.7777496519481492E-4,69.3474356158324,0.5868641707943948
-49.31,-10.96,test,2.0739357202885267E-4,89.52171434474744,0.6236610347250848
-50.34,-19.41,test,2.105864642360727E-4,96.25852567754359,0.6272400766837127
-49.83,-15.37,test,2.029044026956879E-4,83.62865725855326,0.6185111061513683
-51.4,-19.55,test,1.9472157181831982E-4,78.84414422850043,0.6087519609231962
-37.97,-7.39,test,2.067943480284286E-4,88.31997928539039,0.6229816668796289
-75.565521,6.326812,test,5.328818214021215E-5,5.236017208878667,0.29863906167395116
-49.89,-24.44,test,1.5541959052796947E-4,56.19687439679735,0.5539459434985256
-46.21,-21.1,test,1.2229870100074726E-4,41.449971032253636,0.49424147601314944
-48.87,-25.18,test,1.0431729030632601E-4,32.97626769904888,0.45460921003315535
-40.55,-3.58,test,2.1381700757929585E-4,99.05422379856783,0.6307927002932183
-52.58,-18.38,test,1.6086011820750864E-4,58.80765938281609,0.5624308937826399
-42.16,-7.27,test,2.0485928534052988E-4,85.26301935224677,0.6207709494293665
-44.35,-20.26,test,1.055723151908889E-4,33.61290491491708,0.457575907362644
-51.03,-23.82,test,6.856925529699207E-5,11.772967333269968,0.35396462698054454
-47.21,-15.29,test,1.7607454717015066E-4,68.22891135099714,0.5845320004300673
-79.39,9.08,test,1.0187850694933807E-4,31.74958260313523,0.448750481460144
-54.02,-27.33,test,1.0015638308706769E-4,30.913508485127906,0.4445369922918773
-47.8,-15.78,test,1.7454840352275862E-4,67.36357476083585,0.5824163171931928
-39.18,-14.0,test,6.355615378833542E-5,9.255128837490318,0.3368021471122351
-49.9,-27.37,test,4.8304770754137695E-5,3.6975884943442683,0.27848856926238574
-43.2,-22.9,test,1.5051801276917803E-4,53.756325384807816,0.5460147366179818
-50.43,-15.14,test,2.072141448723869E-4,89.12113892411061,0.6234578668340887
-53.23,-25.63,test,7.709702456980555E-5,16.358867959998364,0.38120497703750483
-55.88,-15.42,test,1.8442158520079512E-4,73.18605481473509,0.5957343957932972
-42.8,-18.5,test,9.14837357008973E-5,25.866059252239506,0.4222996120371749
-42.54,-13.55,test,2.08271349664763E-4,91.66782442999855,0.6246518031665633
-40.37,-4.89,test,2.042178357126699E-4,84.75128169491508,0.6200323909901796
-49.62,-6.25,test,1.68634991786876E-4,63.3985523926339,0.574010999025132
-47.72,-23.86,test,1.072877686610759E-4,34.49346449415014,0.4615791683216029
-43.22,-18.39,test,1.0065553701681163E-4,31.17223993169079,0.44576487762739747
-49.22,-21.07,test,1.6977531409543794E-4,64.16101310090265,0.5756580842519338
-45.18,-17.28,test,2.0753762633736388E-4,89.90090395956946,0.623823990841522
-45.97,-19.76,test,1.1826656978710458E-4,39.5444998691646,0.4858636701319438
-41.06,-12.02,test,1.5298889475087404E-4,54.87727947051841,0.5500477928494987
-44.06,-21.64,test,9.190524886212765E-5,26.13637277853134,0.4234214919741012
-100.50249999999997,26.534166999999997,test,1.869910787605186E-4,74.60521576777465,0.5990622584785056
-38.45,-6.75,test,1.2826900804548745E-4,43.93653685644428,0.506156725875674
-98.15833299999997,24.847499999999993,test,1.6429333986903985E-4,60.51280570489367,0.567621129608664
-42.75,-6.09,test,2.0968873629652836E-4,94.88579227234855,0.6262406748888852
-69.94,-4.22,test,4.895347770266125E-5,3.9093058345677707,0.281176932228375
-44.96,-16.61,test,2.1049343180550505E-4,96.13816478142887,0.6271367559961354
-36.59,-9.41,test,1.8841777719583576E-4,75.28047815379854,0.6008864888729745
-48.28,-7.25,test,2.0660227993082026E-4,87.98958284676958,0.6227633910393516
-52.62,-25.2,test,8.080693413223604E-5,18.617312802454965,0.3923514315129231
-40.35,-17.11,test,2.0514005094835985E-4,85.52887970166935,0.6210933174141837
-41.87,-10.95,test,1.272507940142776E-4,43.62197106038307,0.5041644935781845
-98.55694399999997,21.375832999999997,test,1.3596447664366115E-4,46.992805921861105,0.5207111710058917
-40.25,-10.6,test,2.016098921049955E-4,82.65642691820209,0.6169997713853167
-44.53,-5.6,test,1.999737604158254E-4,81.55209249017872,0.6150723773989845
-50.8,-25.73,test,7.848166568171748E-5,17.160516477777122,0.3854126481388907
-52.08,-18.81,test,1.910097855223316E-4,76.80615272498136,0.6041586009296583
-49.21,-10.17,test,1.9402432969471787E-4,78.50053861750031,0.607897268623646
-45.25,-14.11,test,2.0782139570146732E-4,90.46090163609952,0.62414458200633
-100.87,26.12,test,7.489446837323064E-5,15.059184720764044,0.3743917888809245
-48.42,-21.14,test,1.6152871440972428E-4,59.19888392741346,0.5634514038323224
-49.55,-12.12,test,2.0700145832272413E-4,88.791847609219,0.6232167545596289
-35.74,-9.66,test,1.7510566312083922E-4,67.6782251167357,0.5831913354776764
-43.01,-21.59,test,1.266640892320267E-4,43.460146261644255,0.5030092336647695
-66.92,10.48,test,9.251271927417245E-5,26.52389746303574,0.42503066371180714
-49.84,-9.37,test,1.8145795290123488E-4,71.34108234964762,0.5918267991179225
-52.77,-22.15,test,1.469516607021199E-4,52.13768738877101,0.5400644611629296
-42.54,-16.52,test,1.7623758218293287E-4,68.29985915412036,0.5847567480891769
-51.23,-27.42,test,8.518264235662354E-5,21.361083940400018,0.40499288827638646
-49.72,-24.34,test,1.0792903603318341E-4,34.890105707469125,0.46306052780545615
-46.67,-18.96,test,1.3453477743939683E-4,46.328243729721294,0.5180724231515385
-99.81722199999999,24.09944399999999,test,1.5533298435544692E-4,56.1523059168941,0.5538082123895296
-43.7,-18.9,test,1.2258068368959879E-4,41.56351259907993,0.49481716560330735
-51.05,-16.17,test,2.1025206512442532E-4,95.84806383995854,0.6268684298328778
-56.03,-19.55,test,1.7190698974678897E-4,65.75094387718083,0.5787031689886071
-55.49,-16.49,test,1.7913986436096828E-4,70.16980285198652,0.5887173097838079
-48.22,-8.36,test,2.0554044760065127E-4,86.00221019723593,0.6215520957901491
-49.49,-23.03,test,1.0104264687467533E-4,31.33608001292199,0.4467134108597581
-43.01,-21.98,test,1.2810395182641398E-4,43.87104459147827,0.5058348656813376
-98.97138899999997,22.743332999999993,test,1.3086238162289608E-4,45.00039344803156,0.5111593248869184
-42.25,-19.35,test,1.0366735749705963E-4,32.674611355670216,0.4530600723355529
-51.72,-22.01,test,1.5737954348352034E-4,57.16697148030911,0.5570403080812983
-40.69,-4.0,test,2.1358933819821624E-4,99.0215091137412,0.6305445521022004
-47.24,-6.18,test,1.9855484764972145E-4,80.866294443866,0.613385096079893
-52.98,-30.24,test,1.1225557370752797E-4,36.901522699848194,0.4728459042837246
-51.04,-29.08,test,5.983509583218989E-5,7.574919706770667,0.32346152198667133
-36.8,-5.68,test,1.5999719601200238E-4,58.393966256353245,0.5611067005170058
-42.45,-8.55,test,2.0001452859588921E-4,81.5878164709357,0.6151206387147203
-51.73,-17.9,test,1.546054516883786E-4,55.79958195436078,0.5526478390464957
-49.19,-22.42,test,1.0371953198607386E-4,32.695055201463305,0.4531847568672597
-44.24,-14.88,test,2.0935223359895268E-4,94.25233768636765,0.6258646787106446
-49.12,-12.41,test,2.062014923833387E-4,87.12497213488572,0.6223071009833697
-44.95,-18.69,test,1.770572883512376E-4,68.80005579782099,0.5858830580312363
-46.84,-23.85,test,1.448279495367984E-4,51.04063270972103,0.5364464788801845
-48.11,-11.41,test,2.05723114535094E-4,86.29046636171564,0.6217610285069683
-44.42,-22.44,test,9.337485607326146E-5,27.116573184029164,0.4272990806404748
-47.01,-24.28,test,1.2122516950027305E-4,40.974744503503246,0.4920377195428543
-47.52,-16.7,test,1.6901149840118976E-4,63.66750303514018,0.5745562384968732
-52.52,-24.89,test,8.927333206732993E-5,24.252848915736415,0.41634429186710636
-73.93,18.09,test,1.5330955020801337E-4,55.053840993030654,0.5505659304932781
-54.93,-18.79,test,1.697178976095272E-4,64.11724201229383,0.5755754562664532
-86.89,12.43,test,2.030584270171568E-4,83.80775467587637,0.6186901351477276
-35.2,-6.2,test,1.997640481577771E-4,81.43632644595118,0.6148239289296241
-39.37,-4.17,test,2.1010837609258064E-4,95.63594980653318,0.6267085079705256
-51.28,-18.22,test,1.950870216736584E-4,79.00104896683864,0.6091984495275865
-41.5,-20.73,test,1.4796618453227845E-4,52.634559475010995,0.5417729575685017
-48.81,-24.25,test,9.418299477158946E-5,27.606637737781675,0.4294092273981088
-46.9,-21.6,test,1.1441008910801227E-4,37.89706392599396,0.47758696292469255
-44.83,-15.86,test,1.990193000021835E-4,81.111830156802,0.6139390195933261
-51.6,-21.56,test,1.602057591048635E-4,58.50977731306775,0.5614274839671999
-46.74,-11.31,test,2.0859770714802756E-4,92.4717855889925,0.6250188415541622
-45.97,-17.65,test,1.881907040704557E-4,75.16199371425556,0.6005972562045092
-42.33,-12.55,test,2.0485356417940083E-4,85.2590149175196,0.6207643748338583
-47.49,-10.35,test,2.0733357485114225E-4,89.37833978523645,0.6235931234805165
-49.54,-8.91,test,2.068966704883934E-4,88.55382696758956,0.6230978481688167
-48.85,-10.42,test,2.078736088831909E-4,90.55094010579549,0.6242035108371939
-51.84,-29.74,test,6.913421974179829E-5,12.03769551568313,0.3558432649672512
-52.21,-18.22,test,1.6944686723433764E-4,63.928626398799345,0.5751849819701214
-53.93,-27.46,test,7.383180706746954E-5,14.49593599143591,0.37105070735484547
-47.67,-22.13,test,1.3046860311113513E-4,44.87763987178904,0.5104062653156297
-48.24,-2.66,test,8.608763065317282E-5,22.06997115960915,0.40754204646340003
-44.13,-12.5,test,2.0654794923453571E-4,87.88270695707457,0.622701601038938
-50.86,-25.0,test,1.086729025615931E-4,35.30527285202884,0.4647687170008699
-40.65,-13.16,test,2.0818543070616615E-4,91.43538232668736,0.6245550547796872
-44.83,-2.07,test,8.490157369360862E-5,21.18659674442112,0.4041967076311368
-39.51,-3.62,test,2.0536640176174842E-4,85.81624441616545,0.6213528089499468
-51.42,-23.58,test,8.847359405737837E-5,23.59930139833106,0.41415925796929337
-54.3,-24.87,test,9.063910779724426E-5,25.233422647912437,0.4200383991245177
-48.6,-9.72,test,1.9480922955213297E-4,78.8817797989798,0.6088591498001713
-45.0,-23.4,test,8.807769730745149E-5,23.32746490671564,0.4130715286933686
-37.71,-9.29,test,1.3414184470130828E-4,46.13211427985483,0.5173421025662073
-46.71,-14.09,test,2.0001057415754646E-4,81.5843513106308,0.615115957986026
-48.67,-23.94,test,1.271834500338269E-4,43.60598355639176,0.5040321618290406
-54.46,-21.65,test,1.336884787686224E-4,45.91783999862947,0.5164967032897609
-37.32,-7.15,test,2.0883607127941765E-4,92.99671556397574,0.6252864648186588
-54.5,-19.15,test,1.6696419453049764E-4,62.28286456521679,0.5715744698571985
-52.46,-23.08,test,1.3109802487687927E-4,45.08428335445413,0.5116088606575693
-44.7,-17.88,test,1.9461369415815267E-4,78.7978272966593,0.6086199662238398
-50.11,-6.48,test,1.3633495339383897E-4,47.232789875703524,0.5213902400738138
-42.19,-3.79,test,1.8640015182786008E-4,74.26058261398413,0.5983017837966998
-49.39,-26.63,test,5.0954137887140325E-5,4.482486994014182,0.2893433072131907
-47.76,-18.37,test,1.310779385950602E-4,45.077004721677085,0.511570574367895
-50.84,-20.15,test,2.1058458740401073E-4,96.2556287307129,0.6272379928627536
-52.09,-7.46,test,7.264226476509768E-5,13.949758437670917,0.36726811643261154
-45.93,-18.46,test,1.516681178727028E-4,54.33867791386206,0.5479009335287793
-42.72,-12.73,test,2.0665862108697354E-4,88.08377892694129,0.6228274461524136
-48.82,-24.79,test,7.934268681021451E-5,17.712340626772107,0.38800040040565636
-49.31,-23.35,test,9.833675048386754E-5,29.846937043748724,0.44001437475209426
-35.43,-5.94,test,1.968247940736123E-4,80.02969571768024,0.6113077052573733
-50.64,-22.47,test,1.0852210643820275E-4,35.25130060086933,0.46442331292091565
-50.6,-18.81,test,2.1080462518493064E-4,97.42476766554988,0.6274821391537952
-53.07,-17.25,test,1.9313351013698068E-4,77.94814292006947,0.6067998370960166
-52.91,-27.93,test,1.3774066922111173E-4,47.928466845079924,0.5239494522138554
-40.24,-20.28,test,1.8831736741910772E-4,75.22628289517274,0.6007586443621329
-47.52,-22.47,test,1.3089211002495886E-4,45.00966632956268,0.5112160832603522
-49.67,-22.55,test,1.1092426447338447E-4,36.25011668856116,0.4698730711842054
-98.67805499999997,20.499443999999993,test,1.0560082919307651E-4,33.62654518585057,0.45764293541249634
-49.37,-20.2,test,1.6212201874374042E-4,59.42461637297659,0.5643530143367206
-41.98,-15.36,test,1.751861226540636E-4,67.73256194595851,0.5833029983397832
-39.19,-7.73,test,2.0681525496765658E-4,88.3671537657852,0.6230054113329442
-39.85,-3.07,test,2.0878803209919576E-4,92.90118837267842,0.6252325595824202
-41.05,-4.8,test,2.1297634680539143E-4,98.91527866894627,0.6298747611373279
-49.14,-17.8,test,1.6898244058191866E-4,63.65061234827472,0.5745142080146026
-49.94,-15.04,test,2.107468071843775E-4,96.82421407861054,0.6274180172878943
-43.01,-5.17,test,2.0801370549169165E-4,90.8655073206277,0.624361535375371
-35.41,-8.19,test,1.70559792153758E-4,64.77651883381994,0.5767838113959776
-43.36,-9.08,test,2.0592021179968769E-4,86.61348487751867,0.6219862079026591
-92.16527799999997,14.989166999999997,test,5.966083705027449E-5,7.5035338588018465,0.32282360653941483
-77.04,3.88,test,3.56390064536723E-5,1.3956982929480783,0.22165274698942708
-42.31,-18.46,test,9.621584949552403E-5,28.821403963339385,0.43464913084230533
-47.33,-21.28,test,1.2477022136983234E-4,42.61620181214503,0.4992430708191063
-40.84,-18.23,test,1.891815499201685E-4,75.74803309545626,0.6018562719168852
